00C;NHS DARLINGTON CCG;Y63;Q74;C/O BILLINGHAM HEALTH CENTRE;QUEENSWAY;;BILLINGHAM;CLEVELAND;TS23 2LA;20130401;;C;0;UK;"C/O BILLINGHAM HEALTH CENTRE , QUEENSWAY ,  , BILLINGHAM , TS23 2LA";54.6081;-1.29458;010100000011E4A08499B6F4BF4B598638D64D4B40;;008;PF
00D;"NHS DURHAM DALES, EASINGTON AND SEDGEFIELD CCG";Y63;Q74;SEDGEFIELD COMMUNITY HOSPITAL;SALTERS LANE;SEDGEFIELD;STOCKTON-ON-TEES;CLEVELAND;TS21 3EE;20130401;;C;0;UK;"SEDGEFIELD COMMUNITY HOSPITAL , SALTERS LANE , SEDGEFIELD , STOCKTON-ON-TEES , TS21 3EE";54.66197;-1.45053;0101000000BEDEFDF15E35F7BF7077D66EBB544B40;;008;PF
00J;NHS NORTH DURHAM CCG;Y63;Q74;SEDGEFIELD COMMUNITY HOSPITAL;SALTERS LANE;SEDGEFIELD;STOCKTON-ON-TEES;CLEVELAND;TS21 3EE;20130401;;C;0;UK;"SEDGEFIELD COMMUNITY HOSPITAL , SALTERS LANE , SEDGEFIELD , STOCKTON-ON-TEES , TS21 3EE";54.66197;-1.45053;0101000000BEDEFDF15E35F7BF7077D66EBB544B40;;008;PF
00K;NHS HARTLEPOOL AND STOCKTON-ON-TEES CCG;Y63;Q74;BILLINGHAM HEALTH CENTRE;QUEENSWAY;;BILLINGHAM;CLEVELAND;TS23 2LA;20130401;;C;0;UK;"BILLINGHAM HEALTH CENTRE , QUEENSWAY ,  , BILLINGHAM , TS23 2LA";54.6081;-1.29458;010100000011E4A08499B6F4BF4B598638D64D4B40;;008;PF
00L;NHS NORTHUMBERLAND CCG;Y63;Q74;COUNTY HALL;;;MORPETH;;NE61 2EF;20130401;;C;0;UK;"COUNTY HALL ,  ,  , MORPETH , NE61 2EF";55.15402;-1.6842;01010000006DC5FEB27BF2FABF087767EDB6934B40;;008;PF
00M;NHS SOUTH TEES CCG;Y63;Q74;NORTH ORMESBY HEALTH VILLAGE;11 TRINITY MEWS;NORTH ORMESBY;MIDDLESBROUGH;CLEVELAND;TS3 6AL;20130401;;C;0;UK;"NORTH ORMESBY HEALTH VILLAGE , 11 TRINITY MEWS , NORTH ORMESBY , MIDDLESBROUGH , TS3 6AL";54.57166;-1.21666;01010000002C9FE5797077F3BF3737A6272C494B40;;008;PF
00N;NHS SOUTH TYNESIDE CCG;Y63;Q74;MONKTON HALL;MONKTON LANE;MONKTON VILLAGE;JARROW;;NE32 5NN;20130401;;C;0;UK;"MONKTON HALL , MONKTON LANE , MONKTON VILLAGE , JARROW , NE32 5NN";54.9667;-1.50137;0101000000DA20938C9C05F8BF88855AD3BC7B4B40;;008;PF
00P;NHS SUNDERLAND CCG;Y63;Q74;PEMBERTON HOUSE;COLIMA AVENUE;SUNDERLAND ENTERPRISE PARK;SUNDERLAND;;SR5 3XB;20130401;;C;0;UK;"PEMBERTON HOUSE , COLIMA AVENUE , SUNDERLAND ENTERPRISE PARK , SUNDERLAND , SR5 3XB";54.91366;-1.44194;010100000035B56CAD2F12F7BFE9D495CFF2744B40;;008;PF
00Q;NHS BLACKBURN WITH DARWEN CCG;Y62;Q84;FUSION HOUSE;EVOLUTION PARK;HASLINGDEN ROAD;BLACKBURN;LANCASHIRE;BB1 2FD;20130401;;C;0;UK;"FUSION HOUSE , EVOLUTION PARK , HASLINGDEN ROAD , BLACKBURN , BB1 2FD";53.73296;-2.45618;0101000000D8B628B341A603C059A31EA2D1DD4A40;;008;PF
00R;NHS BLACKPOOL CCG;Y62;Q84;THE STADIUM;SEASIDERS WAY;;BLACKPOOL;;FY1 6JX;20130401;;C;0;UK;"THE STADIUM , SEASIDERS WAY ,  , BLACKPOOL , FY1 6JX";53.80559;-3.04945;0101000000304CA60A466508C009FEB7921DE74A40;;008;PF
00T;NHS BOLTON CCG;Y62;Q83;ST PETERS HOUSE;SILVERWELL STREET;;BOLTON;;BL1 1PP;20130401;;C;0;UK;"ST PETERS HOUSE , SILVERWELL STREET ,  , BOLTON , BL1 1PP";53.57799;-2.42596;0101000000B83B6BB75D6803C020B58993FBC94A40;;008;PF
00V;NHS BURY CCG;Y62;Q83;TOWNSIDE PRIMARY CARE CENTRE;1 KNOWSLEY PLACE;KNOWSLEY STREET;BURY;LANCASHIRE;BL9 0SN;20130401;;C;0;UK;"TOWNSIDE PRIMARY CARE CENTRE , 1 KNOWSLEY PLACE , KNOWSLEY STREET , BURY , BL9 0SN";53.59036;-2.29917;0101000000F88DAF3DB36402C0EB6E9EEA90CB4A40;;008;PF
00X;NHS CHORLEY AND SOUTH RIBBLE CCG;Y62;Q84;CHORLEY HOUSE;LANCASHIRE ENTERPRISE BUSINESS PARK;CENTURION WAY;LEYLAND;LANCASHIRE;PR26 6TT;20130401;;C;0;UK;"CHORLEY HOUSE , LANCASHIRE ENTERPRISE BUSINESS PARK , CENTURION WAY , LEYLAND , PR26 6TT";53.70186;-2.69516;01010000001DE6CB0BB08F05C06F2F698CD6D94A40;;008;PF
00Y;NHS OLDHAM CCG;Y62;Q83;ELLEN HOUSE;WADDINGTON STREET;;OLDHAM;;OL9 6EE;20130401;;C;0;UK;"ELLEN HOUSE , WADDINGTON STREET ,  , OLDHAM , OL9 6EE";53.54789;-2.1296;0101000000287E8CB96B0901C019E76F4221C64A40;;008;PF
01A;NHS EAST LANCASHIRE CCG;Y62;Q84;WALSHAW HOUSE;REGENT STREET;;NELSON;;BB9 8AS;20130401;;C;0;UK;"WALSHAW HOUSE , REGENT STREET ,  , NELSON , BB9 8AS";53.84823;-2.202;010100000004560E2DB29D01C038BEF6CC92EC4A40;;008;PF
01C;NHS EASTERN CHESHIRE CCG;Y62;Q75;1ST FLOOR;WEST WING;NEW ALDERLERY HOUSE;VICTORIA ROAD MACCLESFIELD;CHESHIRE;SK10 3BL;20130401;;C;0;UK;"1ST FLOOR , WEST WING , NEW ALDERLERY HOUSE , VICTORIA ROAD MACCLESFIELD , SK10 3BL";53.26329;-2.14082;010100000055FB743C662001C092AE997CB3A14A40;;008;PF
01D;"NHS HEYWOOD, MIDDLETON AND ROCHDALE CCG";Y62;Q83;3RD FLOOR;NUMBER ONE RIVERSIDE;SMITH STREET;ROCHDALE;;OL16 1XU;20130401;;C;0;UK;"3RD FLOOR , NUMBER ONE RIVERSIDE , SMITH STREET , ROCHDALE , OL16 1XU";53.61727;-2.15556;0101000000AD86C43D963E01C0A5660FB402CF4A40;;008;PF
01E;NHS GREATER PRESTON CCG;Y62;Q84;CHORLEY HOUSE;LANCASHIRE ENTERPRISE BUSINESS PARK;CENTURION WAY;LEYLAND;LANCASHIRE;PR26 6TT;20130401;;C;0;UK;"CHORLEY HOUSE , LANCASHIRE ENTERPRISE BUSINESS PARK , CENTURION WAY , LEYLAND , PR26 6TT";53.70186;-2.69516;01010000001DE6CB0BB08F05C06F2F698CD6D94A40;;008;PF
01F;NHS HALTON CCG;Y62;Q75;FIRST FLOOR;RUNCORN TOWN HALL;HEATH ROAD;RUNCORN;CHESHIRE;WA7 5TD;20130401;;C;0;UK;"FIRST FLOOR , RUNCORN TOWN HALL , HEATH ROAD , RUNCORN , WA7 5TD";53.33389;-2.72544;010100000092AE997CB3CD05C0103B53E8BCAA4A40;;008;PF
01G;NHS SALFORD CCG;Y62;Q83;ST JAMES HOUSE - 7TH FLOOR;PENDLETON WAY;;SALFORD;;M6 5FW;20130401;;C;0;UK;"ST JAMES HOUSE - 7TH FLOOR , PENDLETON WAY ,  , SALFORD , M6 5FW";53.48873;-2.28909;01010000001CCEFC6A0E5002C07B4963B48EBE4A40;;008;PF
01H;NHS NORTH CUMBRIA CCG;Y63;Q74;4 WAVELL DRIVE;ROSEHILL INDUSTRIAL ESTATE;;CARLISLE;;CA1 2SE;20130401;;C;0;UK;"4 WAVELL DRIVE , ROSEHILL INDUSTRIAL ESTATE ,  , CARLISLE , CA1 2SE";54.89247;-2.89502;01010000009B20EA3E002907C0A054FB743C724B40;;008;PF
01J;NHS KNOWSLEY CCG;Y62;Q75;NUTGROVE VILLA;WESTMORLAND ROAD;HUYTON;LIVERPOOL;;L36 6GA;20130401;;C;0;UK;"NUTGROVE VILLA , WESTMORLAND ROAD , HUYTON , LIVERPOOL , L36 6GA";53.41052;-2.84098;01010000007CB8E4B853BA06C04D2D5BEB8BB44A40;;008;PF
01K;NHS MORECAMBE BAY CCG;Y62;Q84;MOOR LANE MILLS;MOOR LANE;;LANCASTER;;LA1 1QD;20130401;;C;0;UK;"MOOR LANE MILLS , MOOR LANE ,  , LANCASTER , LA1 1QD";54.04916;-2.79771;01010000008B89CDC7B56106C0BC22F8DF4A064B40;;008;PF
01R;NHS SOUTH CHESHIRE CCG;Y62;Q75;BEVAN HOUSE;BARONY COURT;;NANTWICH;CHESHIRE;CW5 5QU;20130401;;C;0;UK;"BEVAN HOUSE , BARONY COURT ,  , NANTWICH , CW5 5QU";53.076106;-2.517816;;;008;
01T;NHS SOUTH SEFTON CCG;Y62;Q75;3RD FLOOR;MERTON HOUSE;STANLEY ROAD;BOOTLE;;L20 3DL;20130401;;C;0;UK;"3RD FLOOR , MERTON HOUSE , STANLEY ROAD , BOOTLE , L20 3DL";53.44578;-2.98917;01010000007D7901F6D1E907C0FE9AAC510FB94A40;;008;PF
01V;NHS SOUTHPORT AND FORMBY CCG;Y62;Q75;5 CURZON ROAD;;;SOUTHPORT;MERSEYSIDE;PR8 6PL;20130401;;C;0;UK;"5 CURZON ROAD ,  ,  , SOUTHPORT , PR8 6PL";53.64015;-2.98399;010100000073BA2C2636DF07C06744696FF0D14A40;;008;PF
01W;NHS STOCKPORT CCG;Y62;Q83;4TH FLOOR;STOPFORD HOUSE;;STOCKPORT;CHESHIRE;SK1 3XE;20130401;;C;0;UK;"4TH FLOOR , STOPFORD HOUSE ,  , STOCKPORT , SK1 3XE";53.40589;-2.15897;0101000000685C3810924501C000E31934F4B34A40;;008;PF
01X;NHS ST HELENS CCG;Y62;Q75;ST HELENS CHAMBER OF COMMERCE;SALISBURY STREET;CHALON WAY;ST. HELENS;MERSEYSIDE;WA10 1FY;20130401;;C;0;UK;"ST HELENS CHAMBER OF COMMERCE , SALISBURY STREET , CHALON WAY , ST. HELENS , WA10 1FY";53.44947;-2.73333;0101000000CB67791EDCDD05C03D44A33B88B94A40;;008;PF
01Y;NHS TAMESIDE AND GLOSSOP CCG;Y62;Q83;TAMESIDE ONE;MARKET PLACE;;ASHTON-UNDER-LYNE;GREATER MANCHESTER;OL6 6BH;20130401;;C;0;UK;"TAMESIDE ONE , MARKET PLACE ,  , ASHTON-UNDER-LYNE , OL6 6BH";53.490186;-2.094799;;;008;
02A;NHS TRAFFORD CCG;Y62;Q83;1ST FLOOR TRAFFORD TOWN HALL;TALBOT ROAD;STRETFORD;MANCHESTER;;M32 0TH;20130401;;C;0;UK;"1ST FLOOR TRAFFORD TOWN HALL , TALBOT ROAD , STRETFORD , MANCHESTER , M32 0TH";53.45836;-2.28668;0101000000975643E21E4B02C0B4E55C8AABBA4A40;;008;PF
02D;NHS VALE ROYAL CCG;Y62;Q75;BEVAN HOUSE;BARONY COURT;;NANTWICH;CHESHIRE;CW5 5QU;20130401;;C;0;UK;"BEVAN HOUSE , BARONY COURT ,  , NANTWICH , CW5 5QU";53.076106;-2.517816;;;008;
02E;NHS WARRINGTON CCG;Y62;Q75;110 BIRCHWOOD BOULEVARD;BIRCHWOOD;;WARRINGTON;CHESHIRE;WA3 7QH;20130401;;C;0;UK;"110 BIRCHWOOD BOULEVARD , BIRCHWOOD ,  , WARRINGTON , WA3 7QH";53.4152;-2.53579;0101000000D3307C444C4904C04CA60A4625B54A40;;008;PF
02F;NHS WEST CHESHIRE CCG;Y62;Q75;1829 BUILDING;THE COUNTESS OF CHESTER HEALTH PARK;LIVERPOOL ROAD;CHESTER;CHESHIRE;CH2 1HJ;20130401;;C;0;UK;"1829 BUILDING , THE COUNTESS OF CHESTER HEALTH PARK , LIVERPOOL ROAD , CHESTER , CH2 1HJ";53.211719;-2.898246;;;008;
02G;NHS WEST LANCASHIRE CCG;Y62;Q84;HILLDALE;WIGAN ROAD;;ORMSKIRK;;L39 2JW;20130401;;C;0;UK;"HILLDALE , WIGAN ROAD ,  , ORMSKIRK , L39 2JW";53.56584;-2.87066;01010000009E7B0F971CF706C06362F3716DC84A40;;008;PF
02H;NHS WIGAN BOROUGH CCG;Y62;Q83;WIGAN LIFE CENTRE;COLLEGE AVENUE;;WIGAN;;WN1 1NJ;20130401;;C;0;UK;"WIGAN LIFE CENTRE , COLLEGE AVENUE ,  , WIGAN , WN1 1NJ";53.54494;-2.62968;0101000000EF8FF7AA950905C020240B98C0C54A40;;008;PF
02M;NHS FYLDE AND WYRE CCG;Y62;Q84;DERBY ROAD;WESHAM;;PRESTON;;PR4 3AL;20130401;;C;0;UK;"DERBY ROAD , WESHAM ,  , PRESTON , PR4 3AL";53.78842;-2.88082;0101000000404D2D5BEB0B07C094C151F2EAE44A40;;008;PF
02N;"NHS AIREDALE, WHARFEDALE AND CRAVEN CCG";Y63;Q72;DOUGLAS MILLS;BOWLING OLD LANE;;BRADFORD;WEST YORKSHIRE;BD5 7JR;20130401;;C;0;UK;"DOUGLAS MILLS , BOWLING OLD LANE ,  , BRADFORD , BD5 7JR";53.78293;-1.755;010100000014AE47E17A14FCBF5587DC0C37E44A40;;008;PF
02P;NHS BARNSLEY CCG;Y63;Q72;HILLDER HOUSE;49-51 GAWBER ROAD;;BARNSLEY;;S75 2PY;20130401;;C;0;UK;"HILLDER HOUSE , 49-51 GAWBER ROAD ,  , BARNSLEY , S75 2PY";53.55903;-1.49727;0101000000BF823463D1F4F7BFCFBD874B8EC74A40;;008;PF
02Q;NHS BASSETLAW CCG;Y63;Q72;RETFORD HOSPITAL;NORTH ROAD;;RETFORD;NOTTINGHAMSHIRE;DN22 7XF;20130401;;C;0;UK;"RETFORD HOSPITAL , NORTH ROAD ,  , RETFORD , DN22 7XF";53.32566;-0.95049;0101000000ED9925016A6AEEBFC4CE143AAFA94A40;;008;PF
02R;NHS BRADFORD DISTRICTS CCG;Y63;Q72;DOUGLAS MILLS;BOWLING OLD LANE;;BRADFORD;WEST YORKSHIRE;BD5 7JR;20130401;;C;0;UK;"DOUGLAS MILLS , BOWLING OLD LANE ,  , BRADFORD , BD5 7JR";53.78293;-1.755;010100000014AE47E17A14FCBF5587DC0C37E44A40;;008;PF
02T;NHS CALDERDALE CCG;Y63;Q72;F MILL;DEAN CLOUGH MILLS;;HALIFAX;;HX3 5AX;20130401;;C;0;UK;"F MILL , DEAN CLOUGH MILLS ,  , HALIFAX , HX3 5AX";53.72802;-1.8641;0101000000DE9387855AD3FDBFBE6A65C22FDD4A40;;008;PF
02W;NHS BRADFORD CITY CCG;Y63;Q72;DOUGLAS MILLS;BOWLING OLD LANE;;BRADFORD;WEST YORKSHIRE;BD5 7JR;20130401;;C;0;UK;"DOUGLAS MILLS , BOWLING OLD LANE ,  , BRADFORD , BD5 7JR";53.78293;-1.755;010100000014AE47E17A14FCBF5587DC0C37E44A40;;008;PF
02X;NHS DONCASTER CCG;Y63;Q72;SOVEREIGN HOUSE;HEAVENS WALK;;DONCASTER;;DN4 5HZ;20130401;;C;0;UK;"SOVEREIGN HOUSE , HEAVENS WALK ,  , DONCASTER , DN4 5HZ";53.51116;-1.13114;0101000000B728B3412619F2BFFD82DDB06DC14A40;;008;PF
02Y;NHS EAST RIDING OF YORKSHIRE CCG;Y63;Q72;HEALTH HOUSE;GRANGE PARK LANE;WILLERBY;HULL;;HU10 6DT;20130401;;C;0;UK;"HEALTH HOUSE , GRANGE PARK LANE , WILLERBY , HULL , HU10 6DT";53.76325;-0.45453;01010000009E4143FF0417DDBF04560E2DB2E14A40;;008;PF
03A;NHS GREATER HUDDERSFIELD CCG;Y63;Q72;BROAD LEA HOUSE;DYSON WOOD WAY;BRADLEY;HUDDERSFIELD;;HD2 1GZ;20130401;;C;0;UK;"BROAD LEA HOUSE , DYSON WOOD WAY , BRADLEY , HUDDERSFIELD , HD2 1GZ";53.67714;-1.76802;010100000060C8EA56CF49FCBF1F680586ACD64A40;;008;PF
03D;"NHS HAMBLETON, RICHMONDSHIRE AND WHITBY CCG";Y63;Q74;HAMBLETON DISTRICT COUNCIL;CIVIC CENTRE;STONECROSS;NORTHALLERTON;NORTH YORKSHIRE;DL6 2UU;20130401;;C;0;UK;"HAMBLETON DISTRICT COUNCIL , CIVIC CENTRE , STONECROSS , NORTHALLERTON , DL6 2UU";54.34838;-1.43364;01010000008ECC237F30F0F6BF4D4A41B7972C4B40;;008;PF
03E;NHS HARROGATE AND RURAL DISTRICT CCG;Y63;Q72;1 GRIMBALD CRAG COURT;ST JAMES BUSINESS PARK;;KNARESBOROUGH;NORTH YORKSHIRE;HG5 8QB;20130401;;C;0;UK;"1 GRIMBALD CRAG COURT , ST JAMES BUSINESS PARK ,  , KNARESBOROUGH , HG5 8QB";54.00113;-1.44324;0101000000F37684D38217F7BFB285200725004B40;;008;PF
03F;NHS HULL CCG;Y63;Q72;WILBERFORCE COURT;ALFRED GELDER STREET;;HULL;;HU1 1UY;20130401;;C;0;UK;"WILBERFORCE COURT , ALFRED GELDER STREET ,  , HULL , HU1 1UY";53.74479;-0.33071;010100000043739D465A2AD5BFA5315A4755DF4A40;;008;PF
03H;NHS NORTH EAST LINCOLNSHIRE CCG;Y63;Q72;MUNICIPAL OFFICES;TOWN HALL SQUARE;;GRIMSBY;;DN31 1HU;20130401;;C;0;UK;"MUNICIPAL OFFICES , TOWN HALL SQUARE ,  , GRIMSBY , DN31 1HU";53.56514;-0.08146;01010000000AA2EE0390DAB4BFAAD4EC8156C84A40;;008;PF
03J;NHS NORTH KIRKLEES CCG;Y63;Q72;4TH FLOOR;EMPIRE HOUSE;WAKEFIELD ROAD;DEWSBURY;WEST YORKSHIRE;WF12 8DJ;20130401;;C;0;UK;"4TH FLOOR , EMPIRE HOUSE , WAKEFIELD ROAD , DEWSBURY , WF12 8DJ";53.69182;-1.62679;0101000000815B77F35407FABFFF5BC98E8DD84A40;;008;PF
03K;NHS NORTH LINCOLNSHIRE CCG;Y63;Q72;THE HEALTH PLACE;WRAWBY ROAD;;BRIGG;;DN20 8GS;20130401;;C;0;UK;"THE HEALTH PLACE , WRAWBY ROAD ,  , BRIGG , DN20 8GS";53.5526;-0.48533;0101000000AB21718FA50FDFBF82E2C798BBC64A40;;008;PF
03L;NHS ROTHERHAM CCG;Y63;Q72;OAK HOUSE;MOORHEAD WAY;BRAMLEY;ROTHERHAM;;S66 1YY;20130401;;C;0;UK;"OAK HOUSE , MOORHEAD WAY , BRAMLEY , ROTHERHAM , S66 1YY";53.42258;-1.25418;0101000000A9C1340C1F11F4BFCBF8F71917B64A40;;008;PF
03M;NHS SCARBOROUGH AND RYEDALE CCG;Y63;Q72;SCARBOROUGH TOWN HALL;ST NICHOLAS STREET;;SCARBOROUGH;NORTH YORKSHIRE;YO11 2HG;20130401;;C;0;UK;"SCARBOROUGH TOWN HALL , ST NICHOLAS STREET ,  , SCARBOROUGH , YO11 2HG";54.28187;-0.39861;0101000000A6F27684D382D9BF9CDCEF5014244B40;;008;PF
03N;NHS SHEFFIELD CCG;Y63;Q72;722 PRINCE OF WALES ROAD;DARNALL;;SHEFFIELD;;S9 4EU;20130401;;C;0;UK;"722 PRINCE OF WALES ROAD , DARNALL ,  , SHEFFIELD , S9 4EU";53.38361;-1.41068;0101000000C3F011312592F6BF9335EA211AB14A40;;008;PF
03Q;NHS VALE OF YORK CCG;Y63;Q72;WEST OFFICES;STATION RISE;;YORK;NORTH YORKSHIRE;YO1 6GA;20130401;;C;0;UK;"WEST OFFICES , STATION RISE ,  , YORK , YO1 6GA";53.95882;-1.08954;010100000002F1BA7EC16EF1BF18601F9DBAFA4A40;;008;PF
03R;NHS WAKEFIELD CCG;Y63;Q72;WHITE ROSE HOUSE;WEST PARADE;;WAKEFIELD;;WF1 1LT;20130401;;C;0;UK;"WHITE ROSE HOUSE , WEST PARADE ,  , WAKEFIELD , WF1 1LT";53.68006;-1.49647;0101000000361FD7868AF1F7BFACA8C1340CD74A40;;008;PF
03T;NHS LINCOLNSHIRE EAST CCG;Y60;Q78;CROSS O CLIFF;BRACEBRIDGE HEATH;;LINCOLN;;LN4 2HN;20130401;;C;0;UK;"CROSS O CLIFF , BRACEBRIDGE HEATH ,  , LINCOLN , LN4 2HN";53.19941;-0.54004;0101000000D50451F70148E1BF683F524486994A40;;008;PF
03V;NHS CORBY CCG;Y60;Q78;WILLOWBROOK HEALTH CENTRE;COTTINGHAM ROAD;;CORBY;NORTHAMPTONSHIRE;NN17 2UR;20130401;;C;0;UK;"WILLOWBROOK HEALTH CENTRE , COTTINGHAM ROAD ,  , CORBY , NN17 2UR";52.49009;-0.71226;01010000007BF7C77BD5CAE6BF5F0CE544BB3E4A40;;008;PF
03W;NHS EAST LEICESTERSHIRE AND RUTLAND CCG;Y60;Q78;LEICESTERSHIRE COUNTY COUNCIL;ROOM 30 PEN LLOYD BUILDING;"LEICESTER ROAD, GLENFIELD";LEICESTER;LEICESTERSHIRE;LE3 8TB;20130401;;C;0;UK;"LEICESTERSHIRE COUNTY COUNCIL , ROOM 30 PEN LLOYD BUILDING , LEICESTER ROAD, GLENFIELD , LEICESTER , LE3 8TB";52.65346;-1.18446;0101000000FAB836548CF3F2BF419FC893A4534A40;;008;PF
03X;NHS EREWASH CCG;Y55;Q76;TOLL BAR HOUSE;1 DERBY ROAD;;ILKESTON;DERBYSHIRE;DE7 5FH;20130401;20190331;C;0;UK;"TOLL BAR HOUSE , 1 DERBY ROAD ,  , ILKESTON , DE7 5FH";52.96719;-1.31018;0101000000F4F8BD4D7FF6F4BF5682C5E1CC7B4A40;;008;PF
03Y;NHS HARDWICK CCG;Y55;Q76;SCARSDALE HOSPITAL;NIGHTINGALE CLOSE;OFF NEWBOLD ROAD;CHESTERFIELD;DERBYSHIRE;S41 7PF;20130401;20190331;C;0;UK;"SCARSDALE HOSPITAL , NIGHTINGALE CLOSE , OFF NEWBOLD ROAD , CHESTERFIELD , S41 7PF";53.23927;-1.4304;0101000000A52C431CEBE2F6BFFB743C66A09E4A40;;008;PF
04C;NHS LEICESTER CITY CCG;Y60;Q78;ST JOHNS HOUSE;30 EAST STREET;;LEICESTER;;LE1 6NB;20130401;;C;0;UK;"ST JOHNS HOUSE , 30 EAST STREET ,  , LEICESTER , LE1 6NB";52.63104;-1.12764;010100000042959A3DD00AF2BFE23B31EBC5504A40;;008;PF
04D;NHS LINCOLNSHIRE WEST CCG;Y60;Q78;CROSS O CLIFF;BRACEBRIDGE HEATH;;LINCOLN;;LN4 2HN;20130401;;C;0;UK;"CROSS O CLIFF , BRACEBRIDGE HEATH ,  , LINCOLN , LN4 2HN";53.19941;-0.54004;0101000000D50451F70148E1BF683F524486994A40;;008;PF
04E;NHS MANSFIELD AND ASHFIELD CCG;Y60;Q76;"HAWTHORN HOUSE, RANSOM WOOD B PARK";SOUTHWELL ROAD WEST;RAINWORTH;MANSFIELD;NOTTINGHAMSHIRE;NG21 0HJ;20130401;;C;0;UK;"HAWTHORN HOUSE, RANSOM WOOD B PARK , SOUTHWELL ROAD WEST , RAINWORTH , MANSFIELD , NG21 0HJ";53.12617;-1.14555;0101000000C0EC9E3C2C54F2BF40DEAB5626904A40;;008;PF
04F;NHS MILTON KEYNES CCG;Y61;Q79;SHERWOOD PLACE;155 SHERWOOD DRIVE;BLETCHLEY;MILTON KEYNES;;MK3 6RT;20130401;;C;0;UK;"SHERWOOD PLACE , 155 SHERWOOD DRIVE , BLETCHLEY , MILTON KEYNES , MK3 6RT";52.00052;-0.7387;010100000033C4B12E6EA3E7BF397F130A11004A40;;008;PF
04G;NHS NENE CCG;Y60;Q78;FRANCIS CRICK HOUSE;SUMMERHOUSE ROAD;MOULTON PARK INDUSTRIAL ESTATE;NORTHAMPTON;NORTHAMPTONSHIRE;NN3 6BF;20130401;;C;0;UK;"FRANCIS CRICK HOUSE , SUMMERHOUSE ROAD , MOULTON PARK INDUSTRIAL ESTATE , NORTHAMPTON , NN3 6BF";52.27684;-0.87231;01010000000B293FA9F6E9EBBFC11C3D7E6F234A40;;008;PF
04H;NHS NEWARK AND SHERWOOD CCG;Y60;Q76;BALDERTON PRIMARY CARE CENTRE;LOWFIELD LANE;BALDERTON;NEWARK;NOTTINGHAMSHIRE;NG24 3HJ;20130401;;C;0;UK;"BALDERTON PRIMARY CARE CENTRE , LOWFIELD LANE , BALDERTON , NEWARK , NG24 3HJ";53.05309;-0.78409;010100000048DC63E94317E9BF50DF32A7CB864A40;;008;PF
04J;NHS NORTH DERBYSHIRE CCG;Y55;Q76;SCARSDALE HOSPITAL;NIGHTINGALE CLOSE;OFF NEWBOLD ROAD;CHESTERFIELD;DERBYSHIRE;S41 7PF;20130401;20190331;C;0;UK;"SCARSDALE HOSPITAL , NIGHTINGALE CLOSE , OFF NEWBOLD ROAD , CHESTERFIELD , S41 7PF";53.23927;-1.4304;0101000000A52C431CEBE2F6BFFB743C66A09E4A40;;008;PF
04K;NHS NOTTINGHAM CITY CCG;Y60;Q76;1 STANDARD COURT;PARK ROW;;NOTTINGHAM;NOTTINGHAMSHIRE;NG1 6GN;20130401;;C;0;UK;"1 STANDARD COURT , PARK ROW ,  , NOTTINGHAM , NG1 6GN";52.95227;-1.15625;0101000000000000000080F2BF207BBDFBE3794A40;;008;PF
04L;NHS NOTTINGHAM NORTH AND EAST CCG;Y60;Q76;GEDLING CIVIC CENTRE;ARNOT HILL PARK;ARNOLD;NOTTINGHAM;NOTTINGHAMSHIRE;NG5 0TE;20130401;;C;0;UK;"GEDLING CIVIC CENTRE , ARNOT HILL PARK , ARNOLD , NOTTINGHAM , NG5 0TE";52.99621;-1.13386;010100000087E123624A24F2BF5DF92CCF837F4A40;;008;PF
04M;NHS NOTTINGHAM WEST CCG;Y60;Q76;STAPLEFORD CARE CENTRE;CHURCH STREET;STAPLEFORD;NOTTINGHAM;NOTTINGHAMSHIRE;NG9 8DB;20130401;;C;0;UK;"STAPLEFORD CARE CENTRE , CHURCH STREET , STAPLEFORD , NOTTINGHAM , NG9 8DB";52.93076;-1.27364;0101000000FF092E56D460F4BF6536C82423774A40;;008;PF
04N;NHS RUSHCLIFFE CCG;Y60;Q76;EASTHORPE HOUSE;165 LOUGHBOROUGH ROAD;RUDDINGTON;NOTTINGHAM;NOTTINGHAMSHIRE;NG11 6LQ;20130401;;C;0;UK;"EASTHORPE HOUSE , 165 LOUGHBOROUGH ROAD , RUDDINGTON , NOTTINGHAM , NG11 6LQ";52.89594;-1.14187;01010000004C89247A1945F2BFD1967329AE724A40;;008;PF
04Q;NHS SOUTH WEST LINCOLNSHIRE CCG;Y60;Q78;BRIDGE HOUSE;THE POINT;LIONS WAY;SLEAFORD;;NG34 8GG;20130401;;C;0;UK;"BRIDGE HOUSE , THE POINT , LIONS WAY , SLEAFORD , NG34 8GG";53.0089;-0.39269;0101000000E0D6DD3CD521D9BF9A779CA223814A40;;008;PF
04R;NHS SOUTHERN DERBYSHIRE CCG;Y55;Q76;CARDINAL SQUARE;"1ST FLOOR, NORTH POINT";10 NOTTINGHAM ROAD;DERBY;DERBYSHIRE;DE1 3QT;20130401;20190331;C;0;UK;"CARDINAL SQUARE , 1ST FLOOR, NORTH POINT , 10 NOTTINGHAM ROAD , DERBY , DE1 3QT";52.9268;-1.47392;0101000000A1B94E232D95F7BF66F7E461A1764A40;;008;PF
04V;NHS WEST LEICESTERSHIRE CCG;Y60;Q78;55 WOODGATE;;;LOUGHBOROUGH;;LE11 2TZ;20130401;;C;0;UK;"55 WOODGATE ,  ,  , LOUGHBOROUGH , LE11 2TZ";52.76945;-1.20599;010100000040D9942BBC4BF3BF1FF46C567D624A40;;008;PF
04Y;NHS CANNOCK CHASE CCG;Y60;Q76;BLOCK D;BEECROFT COURT;BEECROFT ROAD;CANNOCK;STAFFORDSHIRE;WS11 1JP;20130401;;C;0;UK;"BLOCK D , BEECROFT COURT , BEECROFT ROAD , CANNOCK , WS11 1JP";52.69179;-2.02902;01010000007A7077D66E3B00C094D920938C584A40;;008;PF
05A;NHS COVENTRY AND RUGBY CCG;Y60;Q77;PARKSIDE HOUSE;QUINTON ROAD;;COVENTRY;WEST MIDLANDS;CV1 2NJ;20130401;;C;0;UK;"PARKSIDE HOUSE , QUINTON ROAD ,  , COVENTRY , CV1 2NJ";52.40257;-1.50803;0101000000A930B610E420F8BFE42CEC6987334A40;;008;PF
05C;NHS DUDLEY CCG;Y60;Q77;BRIERLEY HILL HEALTH & SOCIAL CARE;VENTURE WAY;;BRIERLEY HILL;;DY5 1RU;20130401;;C;0;UK;"BRIERLEY HILL HEALTH & SOCIAL CARE , VENTURE WAY ,  , BRIERLEY HILL , DY5 1RU";52.4818;-2.11817;010100000052F2EA1C03F200C03D9B559FAB3D4A40;;008;PF
05D;NHS EAST STAFFORDSHIRE CCG;Y60;Q76;EDWIN HOUSE;SECOND AVENUE;CENTRUM ONE HUNDRED;BURTON-ON-TRENT;STAFFORDSHIRE;DE14 2WF;20130401;;C;0;UK;"EDWIN HOUSE , SECOND AVENUE , CENTRUM ONE HUNDRED , BURTON-ON-TRENT , DE14 2WF";52.79557;-1.66965;01010000002D431CEBE2B6FABFE0D6DD3CD5654A40;;008;PF
05F;NHS HEREFORDSHIRE CCG;Y60;Q77;ST. OWENS CHAMBERS;22 ST. OWEN STREET;;HEREFORD;HEREFORDSHIRE;HR1 2PL;20130401;;C;0;UK;"ST. OWENS CHAMBERS , 22 ST. OWEN STREET ,  , HEREFORD , HR1 2PL";52.05514;-2.7121;010100000051DA1B7C61B205C0C959D8D30E074A40;;00E;PRI
05G;NHS NORTH STAFFORDSHIRE CCG;Y60;Q76;MORSTON HOUSE;THE MIDWAY;;NEWCASTLE;STAFFORDSHIRE;ST5 1QG;20130401;;C;0;UK;"MORSTON HOUSE , THE MIDWAY ,  , NEWCASTLE , ST5 1QG";53.01047;-2.22853;0101000000323D618907D401C068CBB91457814A40;;008;PF
05H;NHS WARWICKSHIRE NORTH CCG;Y60;Q77;WESTGATE HOUSE;21 MARKET STREET;;WARWICK;WARWICKSHIRE;CV34 4DE;20130401;;C;0;UK;"WESTGATE HOUSE , 21 MARKET STREET ,  , WARWICK , CV34 4DE";52.28114;-1.59117;0101000000680586AC6E75F9BF79CC4065FC234A40;;008;PF
05J;NHS REDDITCH AND BROMSGROVE CCG;Y60;Q77;BARNSLEY COURT;BARNSLEY HALL ROAD;;BROMSGROVE;WORCESTERSHIRE;B61 0TX;20130401;;C;0;UK;"BARNSLEY COURT , BARNSLEY HALL ROAD ,  , BROMSGROVE , B61 0TX";52.35178;-2.059;010100000046B6F3FDD47800C085B18520072D4A40;;008;PF
05L;NHS SANDWELL AND WEST BIRMINGHAM CCG;Y60;Q77;KINGSTON HOUSE;438-450 HIGH STREET;;WEST BROMWICH;;B70 9LD;20130401;;C;0;UK;"KINGSTON HOUSE , 438-450 HIGH STREET ,  , WEST BROMWICH , B70 9LD";52.52355;-2.00263;010100000068E89FE0620500C010E9B7AF03434A40;;008;PF
05N;NHS SHROPSHIRE CCG;Y60;Q76;WILLIAM FARR HOUSE;MYTTON OAK ROAD;;SHREWSBURY;SHROPSHIRE;SY3 8XL;20130401;;C;0;UK;"WILLIAM FARR HOUSE , MYTTON OAK ROAD ,  , SHREWSBURY , SY3 8XL";52.70676;-2.78994;0101000000FD6A0E10CC5106C07C0F971C775A4A40;;008;PF
05Q;NHS SOUTH EAST STAFFORDSHIRE AND SEISDON PENINSULA CCG;Y60;Q76;MERLIN HOUSE;BITTERSCOTE;ETCHELL ROAD;TAMWORTH;STAFFORDSHIRE;B78 3HF;20130401;;C;0;UK;"MERLIN HOUSE , BITTERSCOTE , ETCHELL ROAD , TAMWORTH , B78 3HF";52.62763;-1.7082;0101000000696FF085C954FBBF87FE092E56504A40;;008;PF
05R;NHS SOUTH WARWICKSHIRE CCG;Y60;Q77;WESTGATE HOUSE;21 MARKET STREET;;WARWICK;WARWICKSHIRE;CV34 4DE;20130401;;C;0;UK;"WESTGATE HOUSE , 21 MARKET STREET ,  , WARWICK , CV34 4DE";52.28114;-1.59117;0101000000680586AC6E75F9BF79CC4065FC234A40;;008;PF
05T;NHS SOUTH WORCESTERSHIRE CCG;Y60;Q77;"GROUND FLOOR, WEST WING";WORCESTERSHIRE COUNTRYSIDE CENTRE;WILDWOOD DRIVE;WORCESTER;WORCESTERSHIRE;WR5 2LG;20130401;;C;0;UK;"GROUND FLOOR, WEST WING , WORCESTERSHIRE COUNTRYSIDE CENTRE , WILDWOOD DRIVE , WORCESTER , WR5 2LG";52.1863;-2.18015;0101000000C5FEB27BF27001C0569FABADD8174A40;;008;PF
05V;NHS STAFFORD AND SURROUNDS CCG;Y60;Q76;STAFFORDSHIRE PLACE 2;;;STAFFORD;STAFFORDSHIRE;ST16 2LP;20130401;;C;0;UK;"STAFFORDSHIRE PLACE 2 ,  ,  , STAFFORD , ST16 2LP";52.80603;-2.11514;010100000007B13385CEEB00C025CCB4FD2B674A40;;008;PF
05W;NHS STOKE ON TRENT CCG;Y60;Q76;HERBERT MINTON BUILDING;79 LONDON ROAD;;STOKE-ON-TRENT;STAFFORDSHIRE;ST4 7PZ;20130401;;C;0;UK;"HERBERT MINTON BUILDING , 79 LONDON ROAD ,  , STOKE-ON-TRENT , ST4 7PZ";53.002438;-2.186563;;;008;
05X;NHS TELFORD AND WREKIN CCG;Y60;Q76;HALESFIELD 6;EPIC PARK;;TELFORD;SHROPSHIRE;TF7 4BF;20130401;;C;0;UK;"HALESFIELD 6 , EPIC PARK ,  , TELFORD , TF7 4BF";52.64198;-2.42088;0101000000E7525C55F65D03C0D15790662C524A40;;008;PF
05Y;NHS WALSALL CCG;Y60;Q77;JUBILEE HOUSE;BLOXWICH LANE;;WALSALL;;WS2 7JL;20130401;;C;0;UK;"JUBILEE HOUSE , BLOXWICH LANE ,  , WALSALL , WS2 7JL";52.59782;-2.01406;01010000003F74417DCB1C00C08672A25D854C4A40;;008;PF
06A;NHS WOLVERHAMPTON CCG;Y60;Q77;TECHNOLOGY CENTRE;GLAISHER DRIVE;WOLVERHAMPTON SCIENCE PARK;WOLVERHAMPTON;WEST MIDLANDS;WV10 9RU;20130401;;C;0;UK;"TECHNOLOGY CENTRE , GLAISHER DRIVE , WOLVERHAMPTON SCIENCE PARK , WOLVERHAMPTON , WV10 9RU";52.60251;-2.12937;01010000000DAB7823F30801C0A9C1340C1F4D4A40;;008;PF
06D;NHS WYRE FOREST CCG;Y60;Q77;BARNSLEY COURT;BARNSLEY HALL ROAD;;BROMSGROVE;WORCESTERSHIRE;B61 0TX;20130401;;C;0;UK;"BARNSLEY COURT , BARNSLEY HALL ROAD ,  , BROMSGROVE , B61 0TX";52.35178;-2.059;010100000046B6F3FDD47800C085B18520072D4A40;;008;PF
06F;NHS BEDFORDSHIRE CCG;Y61;Q79;CAPABILITY HOUSE;WREST PARK;SILSOE;BEDFORD;BEDFORDSHIRE;MK45 4HR;20130401;;C;0;UK;"CAPABILITY HOUSE , WREST PARK , SILSOE , BEDFORD , MK45 4HR";52.00853;-0.4216;01010000002497FF907EFBDABF7784D38217014A40;;008;PF
06H;NHS CAMBRIDGESHIRE AND PETERBOROUGH CCG;Y61;Q79;LOCKTON HOUSE;CLARENDON ROAD;;CAMBRIDGE;;CB2 8FH;20130401;;C;0;UK;"LOCKTON HOUSE , CLARENDON ROAD ,  , CAMBRIDGE , CB2 8FH";52.19087;0.13249;0101000000680586AC6EF5C03FCDE49B6D6E184A40;;008;PF
06K;NHS EAST AND NORTH HERTFORDSHIRE CCG;Y61;Q79;CHARTER HOUSE;PARKWAY;;WELWYN GARDEN CITY;HERTFORDSHIRE;AL8 6JL;20130401;;C;0;UK;"CHARTER HOUSE , PARKWAY ,  , WELWYN GARDEN CITY , AL8 6JL";51.80273;-0.20797;0101000000904946CEC29ECABF50C24CDBBFE64940;;008;PF
06L;NHS IPSWICH AND EAST SUFFOLK CCG;Y61;Q79;ENDEAVOUR HOUSE;RUSSELL ROAD;;IPSWICH;;IP1 2BX;20130401;;C;0;UK;"ENDEAVOUR HOUSE , RUSSELL ROAD ,  , IPSWICH , IP1 2BX";52.05386;1.14317;01010000000A4B3CA06C4AF23F02486DE2E4064A40;;008;PF
06M;NHS GREAT YARMOUTH AND WAVENEY CCG;Y61;Q79;BECCLES HOUSE;1 COMMON LANE NORTH;;BECCLES;;NR34 9BN;20130401;;C;0;UK;"BECCLES HOUSE , 1 COMMON LANE NORTH ,  , BECCLES , NR34 9BN";52.46206;1.56779;0101000000F6EE8FF7AA15F93F176536C8243B4A40;;008;PF
06N;NHS HERTS VALLEYS CCG;Y61;Q79;THE FORUM;MARLOWES;;HEMEL HEMPSTEAD;;HP1 1DN;20130401;;C;0;UK;"THE FORUM , MARLOWES ,  , HEMEL HEMPSTEAD , HP1 1DN";51.75413;-0.47261;0101000000C8CD70033E3FDEBF5C77F35487E04940;;008;PF
06P;NHS LUTON CCG;Y61;Q79;3RD FLOOR;ARNDALE HOUSE;THE MALL;LUTON;;LU1 2LJ;20130401;;C;0;UK;"3RD FLOOR , ARNDALE HOUSE , THE MALL , LUTON , LU1 2LJ";51.87877;-0.41505;0101000000711B0DE02D90DABF5C5A0D897BF04940;;008;PF
06Q;NHS MID ESSEX CCG;Y61;Q79;WREN HOUSE;HEDGEROWS BUSINESS PARK;COLCHESTER ROAD;CHELMSFORD;;CM2 5PF;20130401;;C;0;UK;"WREN HOUSE , HEDGEROWS BUSINESS PARK , COLCHESTER ROAD , CHELMSFORD , CM2 5PF";51.74998;0.50933;0101000000CDE49B6D6E4CE03FB9533A58FFDF4940;;008;PF
06T;NHS NORTH EAST ESSEX CCG;Y61;Q79;ASPEN HOUSE;STEPHENSON ROAD;SEVERALLS BUSINESS PARK;COLCHESTER;ESSEX;CO4 9QR;20130401;;C;0;UK;"ASPEN HOUSE , STEPHENSON ROAD , SEVERALLS BUSINESS PARK , COLCHESTER , CO4 9QR";51.92155;0.93039;010100000068D0D03FC1C5ED3F7DD0B359F5F54940;;008;PF
06V;NHS NORTH NORFOLK CCG;Y61;Q79;LAKESIDE 400;OLD CHAPEL WAY;BROADLAND BUSINESS PARK;NORWICH;;NR7 0WG;20130401;;C;0;UK;"LAKESIDE 400 , OLD CHAPEL WAY , BROADLAND BUSINESS PARK , NORWICH , NR7 0WG";52.6292;1.37145;01010000005396218E75F1F53F545227A089504A40;;008;PF
06W;NHS NORWICH CCG;Y61;Q79;ROOM 202;NORWICH CITY HALL;ST PETERS STREET;NORWICH;;NR2 1NH;20130401;;C;0;UK;"ROOM 202 , NORWICH CITY HALL , ST PETERS STREET , NORWICH , NR2 1NH";52.62857;1.29203;0101000000CE3637A627ACF43F959F54FB74504A40;;008;PF
06Y;NHS SOUTH NORFOLK CCG;Y61;Q79;LAKESIDE 400;OLD CHAPEL WAY;BROADLAND BUSINESS PARK;NORWICH;;NR7 0WG;20130401;;C;0;UK;"LAKESIDE 400 , OLD CHAPEL WAY , BROADLAND BUSINESS PARK , NORWICH , NR7 0WG";52.6292;1.37145;01010000005396218E75F1F53F545227A089504A40;;008;PF
07G;NHS THURROCK CCG;Y61;Q79;CIVIC OFFICES;NEW ROAD;;GRAYS;ESSEX;RM17 6SL;20130401;;C;0;UK;"CIVIC OFFICES , NEW ROAD ,  , GRAYS , RM17 6SL";51.47533;0.3242;0101000000AB3E575BB1BFD43F62670A9DD7BC4940;;008;PF
07H;NHS WEST ESSEX CCG;Y61;Q79;"BUILDING 4, SPENCER CLOSE";ST MARGARET'S HOSPITAL;THE PLAIN;EPPING;;CM16 6TN;20130401;;C;0;UK;"BUILDING 4, SPENCER CLOSE , ST MARGARET'S HOSPITAL , THE PLAIN , EPPING , CM16 6TN";51.70603;0.1226;01010000006D567DAEB662BF3F58FFE7305FDA4940;;008;PF
07J;NHS WEST NORFOLK CCG;Y61;Q79;KINGS COURT;CHAPEL STREET;;KING'S LYNN;;PE30 1EL;20130401;;C;0;UK;"KINGS COURT , CHAPEL STREET ,  , KING'S LYNN , PE30 1EL";52.75652;0.39659;0101000000C4EBFA05BB61D93F8D62B9A5D5604A40;;008;PF
07K;NHS WEST SUFFOLK CCG;Y61;Q79;WEST SUFFOLK HOUSE;WESTERN WAY;;BURY ST. EDMUNDS;SUFFOLK;IP33 3YU;20130401;;C;0;UK;"WEST SUFFOLK HOUSE , WESTERN WAY ,  , BURY ST. EDMUNDS , IP33 3YU";52.25184;0.69681;010100000007D3307C444CE63F8EE9094B3C204A40;;008;PF
07L;NHS BARKING AND DAGENHAM CCG;Y56;Q71;6TH FLOOR;NORTH HOUSE;ST. EDWARDS WAY;ROMFORD;;RM1 3AE;20130401;;C;0;UK;"6TH FLOOR , NORTH HOUSE , ST. EDWARDS WAY , ROMFORD , RM1 3AE";51.58048;0.1821;01010000003B014D840D4FC73FB5FD2B2B4DCA4940;;008;PF
07M;NHS BARNET CCG;Y56;Q71;"GROUND FLOOR, BUILDING 2";NORTH LONDON BUSINESS PARK;"OAKLEIGH ROAD SOUTH, NEW SOUTHGATE";LONDON;GREATER LONDON;N11 1NP;20130401;;C;0;UK;"GROUND FLOOR, BUILDING 2 , NORTH LONDON BUSINESS PARK , OAKLEIGH ROAD SOUTH, NEW SOUTHGATE , LONDON , N11 1NP";51.62501;-0.15213;01010000000CC85EEFFE78C3BF24D6E25300D04940;;008;PF
07N;NHS BEXLEY CCG;Y56;Q71;CIVIC OFFICES;2 WATLING STREET;;BEXLEYHEATH;KENT;DA6 7AT;20130401;;C;0;UK;"CIVIC OFFICES , 2 WATLING STREET ,  , BEXLEYHEATH , DA6 7AT";51.45516;0.15339;0101000000C347C49448A2C33F4339D1AE42BA4940;;008;PF
07P;NHS BRENT CCG;Y56;Q71;WEMBLEY CENTRE FOR HEALTH & CARE;CHAPLIN ROAD;;WEMBLEY;;HA0 4UZ;20130401;;C;0;UK;"WEMBLEY CENTRE FOR HEALTH & CARE , CHAPLIN ROAD ,  , WEMBLEY , HA0 4UZ";51.54962;-0.30705;0101000000BB270F0BB5A6D3BF1F9DBAF259C64940;;008;PF
07Q;NHS BROMLEY CCG;Y56;Q71;BECKENHAM BEACON;379 CROYDON ROAD;;BECKENHAM;KENT;BR3 3QL;20130401;;C;0;UK;"BECKENHAM BEACON , 379 CROYDON ROAD ,  , BECKENHAM , BR3 3QL";51.40528;-0.03389;010100000044A852B3075AA1BF87DC0C37E0B34940;;004;PF
07R;NHS CAMDEN CCG;Y56;Q71;EUSTON TOWER;286 EUSTON ROAD;;LONDON;;NW1 3DP;20130401;;C;0;UK;"EUSTON TOWER , 286 EUSTON ROAD ,  , LONDON , NW1 3DP";51.52504;-0.13899;01010000000A4B3CA06CCAC1BFC18BBE8234C34940;;008;PF
07T;NHS CITY AND HACKNEY CCG;Y56;Q71;3RD FLOOR A BLOCK;ST LEONARDS HOSPITAL;NUTTALL STREET;LONDON;GREATER LONDON;N1 5LZ;20130401;;C;0;UK;"3RD FLOOR A BLOCK , ST LEONARDS HOSPITAL , NUTTALL STREET , LONDON , N1 5LZ";51.5339;-0.07709;01010000007940D9942BBCB3BFCEAACFD556C44940;;008;PF
07V;NHS CROYDON CCG;Y56;Q71;LEON HOUSE;233 HIGH STREET;;CROYDON;SURREY;CR0 9XT;20130401;;C;0;UK;"LEON HOUSE , 233 HIGH STREET ,  , CROYDON , CR0 9XT";51.369322;-0.098108;;;008;
07W;NHS EALING CCG;Y56;Q71;PERCEVAL HOUSE;14-16 UXBRIDGE ROAD;;LONDON;;W5 2HL;20130401;;C;0;UK;"PERCEVAL HOUSE , 14-16 UXBRIDGE ROAD ,  , LONDON , W5 2HL";51.51268;-0.30868;010100000053793BC269C1D3BF1AA88C7F9FC14940;;008;PF
07X;NHS ENFIELD CCG;Y56;Q71;HOLBROOK HOUSE;COCKFOSTERS ROAD;;BARNET;HERTFORDSHIRE;EN4 0DY;20130401;;C;0;UK;"HOLBROOK HOUSE , COCKFOSTERS ROAD ,  , BARNET , EN4 0DY";51.65058;-0.14911;0101000000F5D6C0560916C3BF41B7973446D34940;;008;PF
07Y;NHS HOUNSLOW CCG;Y56;Q71;HOUNSLOW HOUSE;5TH FLOOR;7 BATH ROAD;HOUNSLOW;;TW3 3EB;20130401;;C;0;UK;"HOUNSLOW HOUSE , 5TH FLOOR , 7 BATH ROAD , HOUNSLOW , TW3 3EB";51.46821;-0.36699;0101000000E960FD9FC37CD7BF80D4264EEEBB4940;;008;PF
08A;NHS GREENWICH CCG;Y56;Q71;THE WOOLWICH CENTRE;35 WELLINGTON STREET;WOOLWICH;LONDON;GREATER LONDON;SE18 6ND;20130401;;C;0;UK;"THE WOOLWICH CENTRE , 35 WELLINGTON STREET , WOOLWICH , LONDON , SE18 6ND";51.4895;0.06542;01010000001E1B81785DBFB03F2DB29DEFA7BE4940;;008;PF
08C;NHS HAMMERSMITH AND FULHAM CCG;Y56;Q71;15 MARYLEBONE ROAD;;;LONDON;;NW1 5JD;20130401;;C;0;UK;"15 MARYLEBONE ROAD ,  ,  , LONDON , NW1 5JD";51.52299;-0.1519;01010000005396218E7571C3BF49111956F1C24940;;008;PF
08D;NHS HARINGEY CCG;Y56;Q71;RIVER PARK HOUSE;225 HIGH ROAD;WOOD GREEN;LONDON;GREATER LONDON;N22 8HQ;20130401;;C;0;UK;"RIVER PARK HOUSE , 225 HIGH ROAD , WOOD GREEN , LONDON , N22 8HQ";51.59744;-0.1102;01010000004BEA04341136BCBF3FA9F6E978CC4940;;008;PF
08E;NHS HARROW CCG;Y56;Q71;4TH FLOOR;THE HEIGHTS;59-65 LOWLANDS ROAD;HARROW;;HA1 3AW;20130401;;C;0;UK;"4TH FLOOR , THE HEIGHTS , 59-65 LOWLANDS ROAD , HARROW , HA1 3AW";51.5794;-0.33948;0101000000605969520ABAD5BFB5A679C729CA4940;;004;PF
08F;NHS HAVERING CCG;Y56;Q71;6TH FLOOR;NORTH HOUSE;ST EDWARDS WAY;ROMFORD;;RM1 3AE;20130401;;C;0;UK;"6TH FLOOR , NORTH HOUSE , ST EDWARDS WAY , ROMFORD , RM1 3AE";51.58048;0.1821;01010000003B014D840D4FC73FB5FD2B2B4DCA4940;;008;PF
08G;NHS HILLINGDON CCG;Y56;Q71;BOUNDARY HOUSE;CRICKET FIELD ROAD;;UXBRIDGE;GREATER LONDON;UB8 1QG;20130401;;C;0;UK;"BOUNDARY HOUSE , CRICKET FIELD ROAD ,  , UXBRIDGE , UB8 1QG";51.544;-0.47795;010100000082E2C798BB96DEBF1283C0CAA1C54940;;008;PF
08H;NHS ISLINGTON CCG;Y56;Q71;2ND FLOOR;LAYCOCK PROFESSIONAL DEVELOPMENT;LAYCOCK STREET;LONDON;GREATER LONDON;N1 1TH;20130401;;C;0;UK;"2ND FLOOR , LAYCOCK PROFESSIONAL DEVELOPMENT , LAYCOCK STREET , LONDON , N1 1TH";51.54472;-0.10451;0101000000A9DE1AD82AC1BABF12BD8C62B9C54940;;008;PF
08J;NHS KINGSTON CCG;Y56;Q71;"3RD FLOOR, GUILDHALL 1";HIGH STREET;;KINGSTON UPON THAMES;SURREY;KT1 1EU;20130401;;C;0;UK;"3RD FLOOR, GUILDHALL 1 , HIGH STREET ,  , KINGSTON UPON THAMES , KT1 1EU";51.40789;-0.30748;010100000020240B98C0ADD3BFC72E51BD35B44940;;008;PF
08K;NHS LAMBETH CCG;Y56;Q71;1 LOWER MARSH;WATERLOO;;LONDON;GREATER LONDON;SE1 7NT;20130401;;C;0;UK;"1 LOWER MARSH , WATERLOO ,  , LONDON , SE1 7NT";51.49986;-0.11434;010100000068E89FE06245BDBF0E4A9869FBBF4940;;008;PF
08L;NHS LEWISHAM CCG;Y56;Q71;CANTILEVER HOUSE;ELTHAM ROAD;LEE;LONDON;GREATER LONDON;SE12 8RN;20130401;;C;0;UK;"CANTILEVER HOUSE , ELTHAM ROAD , LEE , LONDON , SE12 8RN";51.45624;0.01238;01010000005FEFFE78AF5A893F4390831266BA4940;;008;PF
08M;NHS NEWHAM CCG;Y56;Q71;4TH FLOOR;UNEX TOWER;5 STATION STREET;LONDON;;E15 1DA;20130401;;C;0;UK;"4TH FLOOR , UNEX TOWER , 5 STATION STREET , LONDON , E15 1DA";51.54029;-0.00152;01010000009E0C8E9257E758BF8C2D043928C54940;;008;PF
08N;NHS REDBRIDGE CCG;Y56;Q71;6TH FLOOR;NORTH HOUSE;ST EDWARDS WAY;ROMFORD;;RM1 3AE;20130401;;C;0;UK;"6TH FLOOR , NORTH HOUSE , ST EDWARDS WAY , ROMFORD , RM1 3AE";51.58048;0.1821;01010000003B014D840D4FC73FB5FD2B2B4DCA4940;;008;PF
08P;NHS RICHMOND CCG;Y56;Q71;CIVIC CENTRE;44 YORK STREET;;TWICKENHAM;MIDDLESEX;TW1 3BZ;20130401;;C;0;UK;"CIVIC CENTRE , 44 YORK STREET ,  , TWICKENHAM , TW1 3BZ";51.44782;-0.3262;0101000000FF21FDF675E0D4BF533F6F2A52B94940;;004;PF
08Q;NHS SOUTHWARK CCG;Y56;Q71;160 TOOLEY STREET;;;LONDON;GREATER LONDON;SE1 2QH;20130401;;C;0;UK;"160 TOOLEY STREET ,  ,  , LONDON , SE1 2QH";51.50366;-0.08075;010100000079E9263108ACB4BFD5264EEE77C04940;;008;PF
08R;NHS MERTON CCG;Y56;Q71;120 THE BROADWAY;WIMBLEDON;;LONDON;GREATER LONDON;SW19 1RH;20130401;;C;0;UK;"120 THE BROADWAY , WIMBLEDON ,  , LONDON , SW19 1RH";51.41957;-0.20178;010100000015527E52EDD3C9BFFD304278B4B54940;;008;PF
08T;NHS SUTTON CCG;Y56;Q71;PRIORY CRESCENT;CHEAM;;SUTTON;SURREY;SM3 8LR;20130401;;C;0;UK;"PRIORY CRESCENT , CHEAM ,  , SUTTON , SM3 8LR";51.3681;-0.22386;0101000000BAF770C971A7CCBF2CD49AE61DAF4940;;008;PF
08V;NHS TOWER HAMLETS CCG;Y56;Q71;2ND FLOOR ALDERNEY BUILDING;MILE END HOSPITAL;BANCROFT ROAD;LONDON;;E1 4DG;20130401;;C;0;UK;"2ND FLOOR ALDERNEY BUILDING , MILE END HOSPITAL , BANCROFT ROAD , LONDON , E1 4DG";51.5245;-0.04348;0101000000A5660FB40243A6BF4260E5D022C34940;;008;PF
08W;NHS WALTHAM FOREST CCG;Y56;Q71;KIRKDALE HOUSE;7 KIRKDALE ROAD;;LONDON;;E11 1HP;20130401;;C;0;UK;"KIRKDALE HOUSE , 7 KIRKDALE ROAD ,  , LONDON , E11 1HP";51.56888;0.00935;010100000012A5BDC11726833F9BAC510FD1C84940;;008;PF
08X;NHS WANDSWORTH CCG;Y56;Q71;1ST FLOOR;73-75 UPPER RICHMOND ROAD;;LONDON;GREATER LONDON;SW15 2SR;20130401;;C;0;UK;"1ST FLOOR , 73-75 UPPER RICHMOND ROAD ,  , LONDON , SW15 2SR";51.45912;-0.21005;0101000000A52C431CEBE2CABF4278B471C4BA4940;L;;PRE
08Y;NHS WEST LONDON CCG;Y56;Q71;15 MARYLEBONE ROAD;;;LONDON;;NW1 5JD;20130401;;C;0;UK;"15 MARYLEBONE ROAD ,  ,  , LONDON , NW1 5JD";51.52299;-0.1519;01010000005396218E7571C3BF49111956F1C24940;;008;PF
09A;NHS CENTRAL LONDON (WESTMINSTER) CCG;Y56;Q71;15 MARYLEBONE ROAD;;;LONDON;;NW1 5JD;20130401;;C;0;UK;"15 MARYLEBONE ROAD ,  ,  , LONDON , NW1 5JD";51.52299;-0.1519;01010000005396218E7571C3BF49111956F1C24940;;008;PF
09C;NHS ASHFORD CCG;Y59;Q88;INCA HOUSE;TRINITY ROAD;EUREKA SCIENCE PARK;ASHFORD;KENT;TN25 4AB;20130401;;C;0;UK;"INCA HOUSE , TRINITY ROAD , EUREKA SCIENCE PARK , ASHFORD , TN25 4AB";51.17179;0.87299;0101000000738577B988EFEB3FD2E3F736FD954940;;008;PF
09D;NHS BRIGHTON AND HOVE CCG;Y59;Q88;HOVE TOWN HALL;NORTON ROAD;;HOVE;;BN3 4AH;20130401;;C;0;UK;"HOVE TOWN HALL , NORTON ROAD ,  , HOVE , BN3 4AH";50.82847;-0.17082;01010000002159C0046EDDC5BFCBDB114E0B6A4940;;008;PF
09E;NHS CANTERBURY AND COASTAL CCG;Y59;Q88;COUNCIL OFFICES;MILITARY ROAD;;CANTERBURY;KENT;CT1 1YW;20130401;;C;0;UK;"COUNCIL OFFICES , MILITARY ROAD ,  , CANTERBURY , CT1 1YW";51.28307;1.09393;0101000000FFCF61BEBC80F13F473D44A33BA44940;;008;PF
09F;"NHS EASTBOURNE, HAILSHAM AND SEAFORD CCG";Y59;Q88;36-38 FRIARS WALK;;;LEWES;EAST SUSSEX;BN7 2PB;20130401;;C;0;UK;"36-38 FRIARS WALK ,  ,  , LEWES , BN7 2PB";50.87329;0.01446;0101000000B020CD58349D8D3F40F67AF7C76F4940;;008;PF
09G;NHS COASTAL WEST SUSSEX CCG;Y59;Q88;1 THE CAUSEWAY;GORING-BY-SEA;;WORTHING;WEST SUSSEX;BN12 6BT;20130401;;C;0;UK;"1 THE CAUSEWAY , GORING-BY-SEA ,  , WORTHING , BN12 6BT";50.81759;-0.41143;01010000004DF8A57EDE54DABFB1C403CAA6684940;;008;PF
09H;NHS CRAWLEY CCG;Y59;Q88;"LOWER GROUND FLOOR, RED WING";CRAWLEY HOSPITAL;WEST GREEN DRIVE;CRAWLEY;WEST SUSSEX;RH11 7DH;20130401;;C;0;UK;"LOWER GROUND FLOOR, RED WING , CRAWLEY HOSPITAL , WEST GREEN DRIVE , CRAWLEY , RH11 7DH";51.11719;-0.19604;0101000000809A5AB6D617C9BF89B5F814008F4940;;008;PF
09J;"NHS DARTFORD, GRAVESHAM AND SWANLEY CCG";Y59;Q88;GRAVESHAM CIVIC CENTRE;WINDMILL STREET;;GRAVESEND;KENT;DA12 1AU;20130401;;C;0;UK;"GRAVESHAM CIVIC CENTRE , WINDMILL STREET ,  , GRAVESEND , DA12 1AU";51.44002;0.36898;01010000007632384A5E9DD73FFFCA4A9352B84940;;008;PF
09L;NHS EAST SURREY CCG;Y59;Q88;TANDRIDGE DISTRICT COUNCIL;COUNCIL OFFICES;8 STATION ROAD EAST;OXTED;;RH8 0BT;20130401;;C;0;UK;"TANDRIDGE DISTRICT COUNCIL , COUNCIL OFFICES , 8 STATION ROAD EAST , OXTED , RH8 0BT";51.25695;-0.00055;01010000002F6EA301BC0542BF865AD3BCE3A04940;;008;PF
09N;NHS GUILDFORD AND WAVERLEY CCG;Y59;Q88;DOMINION HOUSE;WOODBRIDGE ROAD;;GUILDFORD;;GU1 4PU;20130401;;C;0;UK;"DOMINION HOUSE , WOODBRIDGE ROAD ,  , GUILDFORD , GU1 4PU";51.23776;-0.57528;0101000000465F419AB168E2BF032670EB6E9E4940;;008;PF
09P;NHS HASTINGS AND ROTHER CCG;Y59;Q88;BEXHILL HOSPITAL;HOLLIERS HILL;;BEXHILL-ON-SEA;EAST SUSSEX;TN40 2DZ;20130401;;C;0;UK;"BEXHILL HOSPITAL , HOLLIERS HILL ,  , BEXHILL-ON-SEA , TN40 2DZ";50.85075;0.47608;010100000047E6913F1878DE3F37894160E56C4940;;008;PF
09W;NHS MEDWAY CCG;Y59;Q88;50 PEMBROKE COURT;CHATHAM MARITIME;;CHATHAM;KENT;ME4 4EL;20130401;;C;0;UK;"50 PEMBROKE COURT , CHATHAM MARITIME ,  , CHATHAM , ME4 4EL";51.3986;0.53673;0101000000CD069964E42CE13FC217265305B34940;;008;PF
09X;NHS HORSHAM AND MID SUSSEX CCG;Y59;Q88;"LOWER GROUND FLOOR, RED WING";CRAWLEY HOSPITAL;WEST GREEN DRIVE;CRAWLEY;WEST SUSSEX;RH11 7DH;20130401;;C;0;UK;"LOWER GROUND FLOOR, RED WING , CRAWLEY HOSPITAL , WEST GREEN DRIVE , CRAWLEY , RH11 7DH";51.11719;-0.19604;0101000000809A5AB6D617C9BF89B5F814008F4940;;008;PF
09Y;NHS NORTH WEST SURREY CCG;Y59;Q88;58 CHURCH STREET;;;WEYBRIDGE;SURREY;KT13 8DP;20130401;;C;0;UK;"58 CHURCH STREET ,  ,  , WEYBRIDGE , KT13 8DP";51.37215;-0.46139;010100000065E42CEC6987DDBF6B9A779CA2AF4940;;008;PF
10A;NHS SOUTH KENT COAST CCG;Y59;Q88;DOVER DISTRICT COUNCIL;HONEYWOOD CLOSE;WHITFIELD;DOVER;KENT;CT16 3PJ;20130401;;C;0;UK;"DOVER DISTRICT COUNCIL , HONEYWOOD CLOSE , WHITFIELD , DOVER , CT16 3PJ";51.15398;1.29422;01010000001344DD0720B5F43F791EDC9DB5934940;;008;PF
10C;NHS SURREY HEATH CCG;Y59;Q87;SURREY HEATH HOUSE;KNOLL ROAD;;CAMBERLEY;SURREY;GU15 3HD;20130401;;C;0;UK;"SURREY HEATH HOUSE , KNOLL ROAD ,  , CAMBERLEY , GU15 3HD";51.33936;-0.7437;01010000005C2041F163CCE7BF08C9022670AB4940;;008;PF
10D;NHS SWALE CCG;Y59;Q88;BRAMBLEFIELD CLINIC;GROVEHURST ROAD;KEMSLEY;SITTINGBOURNE;KENT;ME10 2ST;20130401;;C;0;UK;"BRAMBLEFIELD CLINIC , GROVEHURST ROAD , KEMSLEY , SITTINGBOURNE , ME10 2ST";51.36211;0.73578;0101000000CFA0A17F828BE73FFCC6D79E59AE4940;;008;PF
10E;NHS THANET CCG;Y59;Q88;THANET DISTRICT COUNCIL;CECIL STREET;;MARGATE;KENT;CT9 1XZ;20130401;;C;0;UK;"THANET DISTRICT COUNCIL , CECIL STREET ,  , MARGATE , CT9 1XZ";51.387762;1.382566;;;008;
10J;NHS NORTH HAMPSHIRE CCG;Y59;Q87;CENTRAL 40 LIME TREE WAY;CROCKFORD LANE;"CHINEHAM BUSINESS PARK, CHINEHAM";BASINGSTOKE;HAMPSHIRE;RG24 8GU;20130401;;C;0;UK;"CENTRAL 40 LIME TREE WAY , CROCKFORD LANE , CHINEHAM BUSINESS PARK, CHINEHAM , BASINGSTOKE , RG24 8GU";51.29473;-1.06888;0101000000609335EA211AF1BF36936FB6B9A54940;;008;PF
10K;NHS FAREHAM AND GOSPORT CCG;Y59;Q87;COMMCEN BUILDING;FORT SOUTHWICK;JAMES CALLAGHAN DRIVE;FAREHAM;;PO17 6AR;20130401;;C;0;UK;"COMMCEN BUILDING , FORT SOUTHWICK , JAMES CALLAGHAN DRIVE , FAREHAM , PO17 6AR";50.8572;-1.10754;01010000007F30F0DC7BB8F1BFCB10C7BAB86D4940;;008;PF
10L;NHS ISLE OF WIGHT CCG;Y59;Q87;UNIT A;THE APEX;ST CROSS BUSINESS PARK;NEWPORT;;PO30 5XW;20130401;;C;0;UK;"UNIT A , THE APEX , ST CROSS BUSINESS PARK , NEWPORT , PO30 5XW";50.71282;-1.29484;01010000009DD7D825AAB7F4BFA5F78DAF3D5B4940;;008;PF
10Q;NHS OXFORDSHIRE CCG;Y59;Q87;JUBILEE HOUSE;5510 JOHN SMITH DRIVE;OXFORD BUSINESS PARK SOUTH;OXFORD;;OX4 2LH;20130401;;C;0;UK;"JUBILEE HOUSE , 5510 JOHN SMITH DRIVE , OXFORD BUSINESS PARK SOUTH , OXFORD , OX4 2LH";51.72908;-1.2085;0101000000BC7493180456F3BF7715527E52DD4940;;008;PF
10R;NHS PORTSMOUTH CCG;Y59;Q87;4TH FLOOR;1 GUILDHALL SQUARE;;PORTSMOUTH;HAMPSHIRE;PO1 2GJ;20130401;;C;0;UK;"4TH FLOOR , 1 GUILDHALL SQUARE ,  , PORTSMOUTH , PO1 2GJ";50.79699;-1.09245;0101000000423EE8D9AC7AF1BF999EB0C403664940;R;;PRI
10V;NHS SOUTH EASTERN HAMPSHIRE CCG;Y59;Q87;COMMCEN BUILDING;FORT SOUTHWICK;JAMES CALLAGHAN DRIVE;FAREHAM;;PO17 6AR;20130401;;C;0;UK;"COMMCEN BUILDING , FORT SOUTHWICK , JAMES CALLAGHAN DRIVE , FAREHAM , PO17 6AR";50.8572;-1.10754;01010000007F30F0DC7BB8F1BFCB10C7BAB86D4940;;008;PF
10X;NHS SOUTHAMPTON CCG;Y59;Q87;OAKLEY ROAD;;;SOUTHAMPTON;;SO16 4GX;20130401;;C;0;UK;"OAKLEY ROAD ,  ,  , SOUTHAMPTON , SO16 4GX";50.92271;-1.44906;01010000007311DF89592FF7BF99D87C5C1B764940;;008;PF
11A;NHS WEST HAMPSHIRE CCG;Y59;Q87;OMEGA HOUSE;112 SOUTHAMPTON ROAD;;EASTLEIGH;;SO50 5PB;20130401;;C;0;UK;"OMEGA HOUSE , 112 SOUTHAMPTON ROAD ,  , EASTLEIGH , SO50 5PB";50.96732;-1.35081;010100000094C151F2EA9CF5BF24624A24D17B4940;;008;PF
11E;NHS BATH AND NORTH EAST SOMERSET CCG;Y58;Q86;ST MARTINS HOSPITAL;CLARA CROSS LANE;;BATH;AVON;BA2 5RP;20130401;;C;0;UK;"ST MARTINS HOSPITAL , CLARA CROSS LANE ,  , BATH , BA2 5RP";51.35802;-2.37163;010100000029B3412619F902C02FA86F99D3AD4940;;008;PF
11J;NHS DORSET CCG;Y58;Q85;VESPASIAN HOUSE;BRIDPORT ROAD;;DORCHESTER;DORSET;DT1 1TG;20130401;;C;0;UK;"VESPASIAN HOUSE , BRIDPORT ROAD ,  , DORCHESTER , DT1 1TG";50.71446;-2.4443;010100000004E78C28ED8D03C06C26DF6C735B4940;;008;PF
11M;NHS GLOUCESTERSHIRE CCG;Y58;Q86;SANGER HOUSE;5220 VALIANT COURT;"GLOUCESTER BUSINESS PARK, BROCKWORT";GLOUCESTER;;GL3 4FE;20130401;;C;0;UK;"SANGER HOUSE , 5220 VALIANT COURT , GLOUCESTER BUSINESS PARK, BROCKWORT , GLOUCESTER , GL3 4FE";51.84787;-2.17491;010100000067F2CD36376601C038A1100187EC4940;;008;PF
11N;NHS KERNOW CCG;Y58;Q85;SEDGEMOOR CENTRE;PRIORY ROAD;;ST. AUSTELL;;PL25 5AS;20130401;;C;0;UK;"SEDGEMOOR CENTRE , PRIORY ROAD ,  , ST. AUSTELL , PL25 5AS";50.34065;-4.79567;01010000001FA2D11DC42E13C0F2B0506B9A2B4940;;008;PF
11X;NHS SOMERSET CCG;Y58;Q85;WYNFORD HOUSE;LUFTON WAY;LUFTON;YEOVIL;;BA22 8HR;20130401;;C;0;UK;"WYNFORD HOUSE , LUFTON WAY , LUFTON , YEOVIL , BA22 8HR";50.94951;-2.67731;0101000000B3075A81216B05C0CB9C2E8B89794940;;008;PF
12D;NHS SWINDON CCG;Y58;Q86;THE PIERRE SIMONET BUILDING;GATEWAY NORTH;LATHAM ROAD;SWINDON;WILTSHIRE;SN25 4DL;20130401;;C;0;UK;"THE PIERRE SIMONET BUILDING , GATEWAY NORTH , LATHAM ROAD , SWINDON , SN25 4DL";51.60371;-1.78303;01010000000F971C774A87FCBF5322895E46CD4940;;008;PF
12F;NHS WIRRAL CCG;Y62;Q75;OLD MARKET HOUSE;13 HAMILTON STREET;;BIRKENHEAD;;CH41 5AL;20130401;;C;0;UK;"OLD MARKET HOUSE , 13 HAMILTON STREET ,  , BIRKENHEAD , CH41 5AL";53.39095;-3.01665;0101000000C3D32B65192208C0832F4CA60AB24A40;;008;PF
13N;WESSEX COMMISSIONING HUB;Y59;Q87;C/O NHS ENGLAND;"1W09, 1ST FLOOR, QUARRY HOUSE";QUARRY HILL;LEEDS;WEST YORKSHIRE;LS2 7UE;20130401;;H;0;UK;"C/O NHS ENGLAND , 1W09, 1ST FLOOR, QUARRY HOUSE , QUARRY HILL , LEEDS , LS2 7UE";53.79871;-1.53214;0101000000884B8E3BA583F8BF7C7E18213CE64A40;;008;PF
13Q;NATIONAL COMMISSIONING HUB 1;Y63;Q72;C/O NHS ENGLAND;"1W09, IST FLOOR, QUARRY HOUSE";QUARRY HILL;LEEDS;WEST YORKSHIRE;LS2 7UE;20130401;;H;0;UK;"C/O NHS ENGLAND , 1W09, IST FLOOR, QUARRY HOUSE , QUARRY HILL , LEEDS , LS2 7UE";53.79871;-1.53214;0101000000884B8E3BA583F8BF7C7E18213CE64A40;;008;PF
13R;LONDON COMMISSIONING HUB;Y56;Q71;C/O NHS COMMISIONING BOARD;QUARRY HOUSE;QUARRY HILL;LEEDS;WEST YORKSHIRE;LS2 7UE;20130401;;H;0;UK;"C/O NHS COMMISIONING BOARD , QUARRY HOUSE , QUARRY HILL , LEEDS , LS2 7UE";53.79871;-1.53214;0101000000884B8E3BA583F8BF7C7E18213CE64A40;;008;PF
13T;NHS NEWCASTLE GATESHEAD CCG;Y63;Q74;RIVERSIDE HOUSE;GOLDCREST WAY;;NEWCASTLE UPON TYNE;;NE15 8NY;20141126;;C;0;UK;"RIVERSIDE HOUSE , GOLDCREST WAY ,  , NEWCASTLE UPON TYNE , NE15 8NY";54.96967;-1.71369;010100000041B79734466BFBBFC7F484251E7C4B40;;008;PF
13V;YORKSHIRE AND HUMBER COMMISSIONING HUB;Y63;Q72;"C/O NHS ENGLAND, 1W09, 1ST FLOOR";QUARRY HOUSE;QUARRY HILL;LEEDS;WEST YORKSHIRE;LS2 7UE;20150401;;H;0;UK;"C/O NHS ENGLAND, 1W09, 1ST FLOOR , QUARRY HOUSE , QUARRY HILL , LEEDS , LS2 7UE";53.79871;-1.53214;0101000000884B8E3BA583F8BF7C7E18213CE64A40;;008;PF
13W;LANCASHIRE AND GREATER MANCHESTER COMMISSIONING HUB;Y62;Q83;"NHS ENGLAND, 1W09, 1ST FLOOR";QUARRY HOUSE;QUARRY HILL;LEEDS;WEST YORKSHIRE;LS2 7UE;20150401;;H;0;UK;"NHS ENGLAND, 1W09, 1ST FLOOR , QUARRY HOUSE , QUARRY HILL , LEEDS , LS2 7UE";53.79871;-1.53214;0101000000884B8E3BA583F8BF7C7E18213CE64A40;;008;PF
13X;CUMBRIA AND NORTH EAST COMMISSIONING HUB;Y63;Q74;"C/O NHS ENGLAND, 1W09, 1ST FLOOR";QUARRY HOUSE;QUARRY HILL;LEEDS;WEST YORKSHIRE;LS2 7UE;20150401;;H;0;UK;"C/O NHS ENGLAND, 1W09, 1ST FLOOR , QUARRY HOUSE , QUARRY HILL , LEEDS , LS2 7UE";53.79871;-1.53214;0101000000884B8E3BA583F8BF7C7E18213CE64A40;;008;PF
13Y;CHESHIRE AND MERSEYSIDE COMMISSIONING HUB;Y62;Q75;"C/O NHS ENGLAND, 1W09, 1ST FLOOR";QUARRY HOUSE;QUARRY HILL;LEEDS;WEST YORKSHIRE;LS2 7UE;20150401;;H;0;UK;"C/O NHS ENGLAND, 1W09, 1ST FLOOR , QUARRY HOUSE , QUARRY HILL , LEEDS , LS2 7UE";53.79871;-1.53214;0101000000884B8E3BA583F8BF7C7E18213CE64A40;;008;PF
14A;NORTH MIDLANDS COMMISSIONING HUB;Y60;Q76;"C/O NHS ENGLAND, 1W09, 1ST FLOOR";QUARRY HOUSE;QUARRY HILL;LEEDS;WEST YORKSHIRE;LS2 7UE;20150401;;H;0;UK;"C/O NHS ENGLAND, 1W09, 1ST FLOOR , QUARRY HOUSE , QUARRY HILL , LEEDS , LS2 7UE";53.79871;-1.53214;0101000000884B8E3BA583F8BF7C7E18213CE64A40;;008;PF
14C;WEST MIDLANDS COMMISSIONING HUB;Y60;Q77;"C/O NHS ENGLAND, 1W09, 1ST FLOOR";QUARRY HOUSE;QUARRY HILL;LEEDS;WEST YORKSHIRE;LS2 7UE;20150401;;H;0;UK;"C/O NHS ENGLAND, 1W09, 1ST FLOOR , QUARRY HOUSE , QUARRY HILL , LEEDS , LS2 7UE";53.79871;-1.53214;0101000000884B8E3BA583F8BF7C7E18213CE64A40;;008;PF
14D;CENTRAL MIDLANDS COMMISSIONING HUB;Y60;Q78;"C/O NHS ENGLAND, 1W09, 1ST FLOOR";QUARRY HOUSE;QUARRY HILL;LEEDS;WEST YORKSHIRE;LS2 7UE;20150401;;H;0;UK;"C/O NHS ENGLAND, 1W09, 1ST FLOOR , QUARRY HOUSE , QUARRY HILL , LEEDS , LS2 7UE";53.79871;-1.53214;0101000000884B8E3BA583F8BF7C7E18213CE64A40;;008;PF
14E;EAST COMMISSIONING HUB;Y61;Q79;"C/O NHS ENGLAND, 1W09, 1ST FLOOR";QUARRY HOUSE;QUARRY HILL;LEEDS;WEST YORKSHIRE;LS2 7UE;20150401;;H;0;UK;"C/O NHS ENGLAND, 1W09, 1ST FLOOR , QUARRY HOUSE , QUARRY HILL , LEEDS , LS2 7UE";53.79871;-1.53214;0101000000884B8E3BA583F8BF7C7E18213CE64A40;;008;PF
14F;SOUTH WEST COMMISSIONING HUB;Y58;Q85;"C/O NHS ENGLAND, 1W09, 1ST FLOOR";QUARRY HOUSE;QUARRY HILL;LEEDS;WEST YORKSHIRE;LS2 7UE;20150401;;H;0;UK;"C/O NHS ENGLAND, 1W09, 1ST FLOOR , QUARRY HOUSE , QUARRY HILL , LEEDS , LS2 7UE";53.79871;-1.53214;0101000000884B8E3BA583F8BF7C7E18213CE64A40;;008;PF
14G;SOUTH EAST COMMISSIONING HUB;Y59;Q88;"C/O NHS ENGLAND, 1W09, 1ST FLOOR";QUARRY HOUSE;QUARRY HILL;LEEDS;WEST YORKSHIRE;LS2 7UE;20150401;;H;0;UK;"C/O NHS ENGLAND, 1W09, 1ST FLOOR , QUARRY HOUSE , QUARRY HILL , LEEDS , LS2 7UE";53.79871;-1.53214;0101000000884B8E3BA583F8BF7C7E18213CE64A40;;008;PF
14H;SOUTH CENTRAL COMMISSIONING HUB;Y59;Q87;"C/O NHS ENGLAND, 1W09, 1ST FLOOR";QUARRY HOUSE;QUARRY HILL;LEEDS;WEST YORKSHIRE;LS2 7UE;20150401;;H;0;UK;"C/O NHS ENGLAND, 1W09, 1ST FLOOR , QUARRY HOUSE , QUARRY HILL , LEEDS , LS2 7UE";53.79871;-1.53214;0101000000884B8E3BA583F8BF7C7E18213CE64A40;;008;PF
14J;GREATER MANCHESTER COMMISSIONING HUB;Y62;Q83;4TH FLOOR;PICCADILLY PLACE;LONDON ROAD;MANCHESTER;;M1 3BN;20160401;;H;0;UK;"4TH FLOOR , PICCADILLY PLACE , LONDON ROAD , MANCHESTER , M1 3BN";53.47833;-2.23326;01010000003DB83B6BB7DD01C00C59DDEA39BD4A40;;008;PF
14K;LANCASHIRE COMMISSIONING HUB;Y62;Q84;C/O NHS ENGLAND;1W09 1ST FLOOR QUARRY HOUSE;QUARRY HILL;LEEDS;WEST YORKSHIRE;LS2 7UE;20160401;;H;0;UK;"C/O NHS ENGLAND , 1W09 1ST FLOOR QUARRY HOUSE , QUARRY HILL , LEEDS , LS2 7UE";53.79871;-1.53214;0101000000884B8E3BA583F8BF7C7E18213CE64A40;;008;PF
14L;NHS MANCHESTER CCG;Y62;Q83;PARKWAY 3;PARKWAY BUSINESS CENTRE;PRINCESS ROAD;MANCHESTER;GREATER MANCHESTER;M14 7LU;20170401;;C;0;UK;"PARKWAY 3 , PARKWAY BUSINESS CENTRE , PRINCESS ROAD , MANCHESTER , M14 7LU";53.44714;-2.24465;010100000030BB270F0BF501C0E15D2EE23BB94A40;;008;PF
14M;LONDON - H&J COMMISSIONING HUB;Y56;Q71;C/O NHS COMMISSIONING BOARD;QUARRY HOUSE;QUARRY HILL;LEEDS;WEST YORKSHIRE;LS2 7UE;20170401;;H;0;UK;"C/O NHS COMMISSIONING BOARD , QUARRY HOUSE , QUARRY HILL , LEEDS , LS2 7UE";53.79871;-1.53214;0101000000884B8E3BA583F8BF7C7E18213CE64A40;;008;PF
14N;YORKSHIRE AND HUMBER - H&J COMMISSIONING HUB;Y63;Q72;C/O NHS ENGLAND;"1W09, 1ST FLOOR, QUARRY HOUSE";QUARRY HILL;LEEDS;WEST YORKSHIRE;LS2 7UE;20170401;;H;0;UK;"C/O NHS ENGLAND , 1W09, 1ST FLOOR, QUARRY HOUSE , QUARRY HILL , LEEDS , LS2 7UE";53.79871;-1.53214;0101000000884B8E3BA583F8BF7C7E18213CE64A40;;008;PF
14P;CUMBRIA AND NORTH EAST - H&J COMMISSIONING HUB;Y63;Q74;C/O NHS ENGLAND;"1W09, 1ST FLOOR, QUARRY HOUSE";QUARRY HILL;LEEDS;WEST YORKSHIRE;LS2 7UE;20170401;;H;0;UK;"C/O NHS ENGLAND , 1W09, 1ST FLOOR, QUARRY HOUSE , QUARRY HILL , LEEDS , LS2 7UE";53.79871;-1.53214;0101000000884B8E3BA583F8BF7C7E18213CE64A40;;008;PF
14Q;NORTH MIDLANDS - H&J COMMISSIONING HUB;Y60;Q76;C/O NHS ENGLAND;"1W09, FIRST FLOOR, QUARRY HOUSE";QUARRY HILL;LEEDS;WEST YORKSHIRE;LS2 7UE;20170401;;H;0;UK;"C/O NHS ENGLAND , 1W09, FIRST FLOOR, QUARRY HOUSE , QUARRY HILL , LEEDS , LS2 7UE";53.79871;-1.53214;0101000000884B8E3BA583F8BF7C7E18213CE64A40;;008;PF
14R;EAST - H&J COMMISSIONING HUB;Y61;Q79;C/O NHS ENGLAND;"1W09, 1ST FLOOR, QUARRY HOUSE";QUARRY HILL;LEEDS;WEST YORKSHIRE;LS2 7UE;20170401;;H;0;UK;"C/O NHS ENGLAND , 1W09, 1ST FLOOR, QUARRY HOUSE , QUARRY HILL , LEEDS , LS2 7UE";53.79871;-1.53214;0101000000884B8E3BA583F8BF7C7E18213CE64A40;;008;PF
14T;SOUTH WEST SOUTH - H&J COMMISSIONING HUB;Y58;Q85;C/O NHS ENGLAND;"1W09, 1ST FLOOR, QUARRY HOUSE";QUARRY HILL;LEEDS;WEST YORKSHIRE;LS2 7UE;20170401;;H;0;UK;"C/O NHS ENGLAND , 1W09, 1ST FLOOR, QUARRY HOUSE , QUARRY HILL , LEEDS , LS2 7UE";53.79871;-1.53214;0101000000884B8E3BA583F8BF7C7E18213CE64A40;;008;PF
14V;"KENT, SURREY AND SUSSEX - H&J COMMISSIONING HUB";Y59;Q88;C/O NHS ENGLAND;"1W09, 1ST FLOOR, QUARRY HOUSE";QUARRY HILL;LEEDS;WEST YORKSHIRE;LS2 7UE;20170401;;H;0;UK;"C/O NHS ENGLAND , 1W09, 1ST FLOOR, QUARRY HOUSE , QUARRY HILL , LEEDS , LS2 7UE";53.79871;-1.53214;0101000000884B8E3BA583F8BF7C7E18213CE64A40;;008;PF
14W;"HAMPSHIRE, ISLE OF WIGHT AND THAMES VALLEY - H&J COMMISSIONING HUB";Y59;Q87;C/O NHS ENGLAND;"1W09, 1ST FLOOR, QUARRY HOUSE";QUARRY HILL;LEEDS;WEST YORKSHIRE;LS2 7UE;20170401;;H;0;UK;"C/O NHS ENGLAND , 1W09, 1ST FLOOR, QUARRY HOUSE , QUARRY HILL , LEEDS , LS2 7UE";53.79871;-1.53214;0101000000884B8E3BA583F8BF7C7E18213CE64A40;;008;PF
14X;LANCASHIRE - H&J COMMISSIONING HUB;Y62;Q84;C/O NHS ENGLAND;"1W09, 1ST FLOOR, QUARRY HOUSE";QUARRY HILL;LEEDS;WEST YORKSHIRE;LS2 7UE;20170401;;H;0;UK;"C/O NHS ENGLAND , 1W09, 1ST FLOOR, QUARRY HOUSE , QUARRY HILL , LEEDS , LS2 7UE";53.79871;-1.53214;0101000000884B8E3BA583F8BF7C7E18213CE64A40;;008;PF
14Y;NHS BUCKINGHAMSHIRE CCG;Y59;Q87;SECOND FLOOR;THE GATEWAY;GATEHOUSE ROAD;AYLESBURY;;HP19 8FF;20180401;;C;0;UK;"SECOND FLOOR , THE GATEWAY , GATEHOUSE ROAD , AYLESBURY , HP19 8FF";51.8223;-0.82597;010100000091442FA3586EEABF1AC05B2041E94940;;008;PF
15A;NHS BERKSHIRE WEST CCG;Y59;Q87;57-59 BATH ROAD;;;READING;;RG30 2BA;20180401;;C;0;UK;"57-59 BATH ROAD ,  ,  , READING , RG30 2BA";51.44742;-0.99841;0101000000C2FA3F87F9F2EFBFC5C9FD0E45B94940;;008;PF
15C;"NHS BRISTOL, NORTH SOMERSET AND SOUTH GLOUCESTERSHIRE CCG";Y58;Q86;SOUTH PLAZA;MARLBOROUGH STREET;;BRISTOL;;BS1 3NX;20180401;;C;0;UK;"SOUTH PLAZA , MARLBOROUGH STREET ,  , BRISTOL , BS1 3NX";51.45977;-2.59181;0101000000EB909BE106BC04C049D74CBED9BA4940;;008;PF
15D;NHS EAST BERKSHIRE CCG;Y59;Q87;KING EDWARD VII HOSPITAL;ST LEONARDS ROAD;;WINDSOR;;SL4 3DP;20180401;;C;0;UK;"KING EDWARD VII HOSPITAL , ST LEONARDS ROAD ,  , WINDSOR , SL4 3DP";51.47558;-0.61384;0101000000A3409FC893A4E3BFDB5031CEDFBC4940;;008;PF
15E;NHS BIRMINGHAM AND SOLIHULL CCG;Y60;Q77;FIRST FLOOR;WESLEYAN;COLMORE CIRCUS QUEENSWAY;BIRMINGHAM;;B4 6AR;20180401;;C;0;UK;"FIRST FLOOR , WESLEYAN , COLMORE CIRCUS QUEENSWAY , BIRMINGHAM , B4 6AR";52.4835;-1.89633;010100000065C746205E57FEBFD9CEF753E33D4A40;;008;PF
15F;NHS LEEDS CCG;Y63;Q72;SUITES 2 - 4 WIRA HOUSE;RING ROAD;WEST PARK;LEEDS;WEST YORKSHIRE;LS16 6EB;20180401;;C;0;UK;"SUITES 2 - 4 WIRA HOUSE , RING ROAD , WEST PARK , LEEDS , LS16 6EB";53.83828;-1.61026;01010000004FE960FD9FC3F9BF087250C24CEB4A40;;004;PF
15G;SOUTH WEST SOUTH COMMISSIONING HUB;Y58;Q85;NHS ENGLAND;QUARRY HOUSE;QUARRY HILL;LEEDS;WEST YORKSHIRE;LS2 7UE;20180401;;H;0;UK;"NHS ENGLAND , QUARRY HOUSE , QUARRY HILL , LEEDS , LS2 7UE";53.79871;-1.53214;0101000000884B8E3BA583F8BF7C7E18213CE64A40;;008;PF
15H;SOUTH WEST NORTH COMMISSIONING HUB;Y58;Q86;NHS ENGLAND;QUARRY HOUSE;QUARRY HILL;LEEDS;WEST YORKSHIRE;LS2 7UE;20180401;;H;0;UK;"NHS ENGLAND , QUARRY HOUSE , QUARRY HILL , LEEDS , LS2 7UE";53.79871;-1.53214;0101000000884B8E3BA583F8BF7C7E18213CE64A40;;008;PF
15J;"HAMPSHIRE, ISLE OF WIGHT AND THAMES VALLEY COMMISSIONING HUB";Y59;Q87;NHS ENGLAND;QUARRY HOUSE;QUARRY HILL;LEEDS;WEST YORKSHIRE;LS2 7UE;20180401;;H;0;UK;"NHS ENGLAND , QUARRY HOUSE , QUARRY HILL , LEEDS , LS2 7UE";53.79871;-1.53214;0101000000884B8E3BA583F8BF7C7E18213CE64A40;;008;PF
15K;"KENT, SURREY AND SUSSEX COMMISSIONING HUB";Y59;Q88;NHS ENGLAND;QUARRY HOUSE;QUARRY HILL;LEEDS;WEST YORKSHIRE;LS2 7UE;20180401;;H;0;UK;"NHS ENGLAND , QUARRY HOUSE , QUARRY HILL , LEEDS , LS2 7UE";53.79871;-1.53214;0101000000884B8E3BA583F8BF7C7E18213CE64A40;;008;PF
15L;NATIONAL COMMISSIONING HUB 2;Y63;Q72;C/O NHS ENGLAND;"1W09, IST FLOOR, QUARRY HOUSE";QUARRY HILL;LEEDS;WEST YORKSHIRE;LS2 7UE;20180401;;H;0;UK;"C/O NHS ENGLAND , 1W09, IST FLOOR, QUARRY HOUSE , QUARRY HILL , LEEDS , LS2 7UE";53.79871;-1.53214;0101000000884B8E3BA583F8BF7C7E18213CE64A40;;008;PF
15M;NHS DERBY AND DERBYSHIRE CCG;Y60;Q76;CARDINAL SQUARE;10 NOTTINGHAM ROAD;;DERBY;DERBYSHIRE;DE1 3QT;20190401;;C;0;UK;"CARDINAL SQUARE , 10 NOTTINGHAM ROAD ,  , DERBY , DE1 3QT";52.9268;-1.47392;0101000000A1B94E232D95F7BF66F7E461A1764A40;;008;PF
15N;NHS DEVON CCG;Y58;Q85;COUNTY HALL;TOPSHAM ROAD;;EXETER;DEVON;EX2 4QL;20190401;;C;0;UK;"COUNTY HALL , TOPSHAM ROAD ,  , EXETER , EX2 4QL";50.71393;-3.51853;010100000084F57F0EF3250CC00FD1E80E625B4940;;008;PF
16C;NHS TEES VALLEY CCG;Y63;QHM;NORTH ORMESBY HEALTH VILLAGE;"FIRST FLOOR, 14 TRINITY MEWS";NORTH ORMESBY;MIDDLESBROUGH;NORTH YORKSHIRE;TS3 6AL;20200401;;C;1;UK;"NORTH ORMESBY HEALTH VILLAGE , FIRST FLOOR, 14 TRINITY MEWS , NORTH ORMESBY , MIDDLESBROUGH , TS3 6AL";54.57166;-1.21666;01010000002C9FE5797077F3BF3737A6272C494B40;;008;PF
18C;NHS HEREFORDSHIRE AND WORCESTERSHIRE CCG;Y60;QGH;THE COACH HOUSE;JOHN COMYN DRIVE;;WORCESTER;;WR3 7NS;20200401;;C;1;UK;"THE COACH HOUSE , JOHN COMYN DRIVE ,  , WORCESTER , WR3 7NS";52.21706;-2.21653;0101000000B3D2A41474BB01C087A2409FC81B4A40;;008;PF
26A;NHS NORFOLK AND WAVENEY CCG;Y61;QMM;LAKESIDE 400;OLD CHAPEL WAY;BROADLAND BUSINESS PARK;NORWICH;;NR7 0WG;20200401;;C;1;UK;"LAKESIDE 400 , OLD CHAPEL WAY , BROADLAND BUSINESS PARK , NORWICH , NR7 0WG";52.6292;1.37145;01010000005396218E75F1F53F545227A089504A40;;008;PF
27D;NHS CHESHIRE CCG;Y62;QYG;BEVAN HOUSE;BARONY COURT;;NANTWICH;CHESHIRE;CW5 5RD;20200401;;C;1;UK;"BEVAN HOUSE , BARONY COURT ,  , NANTWICH , CW5 5RD";53.07577;-2.5177;0101000000151DC9E53F2404C04B02D4D4B2894A40;;008;PF
27T;NORTH WEST COMMISSIONING HUB;Y62;Q99;C/O NHS ENGLAND;"1W09, 1ST FLOOR, QUARRY HOUSE";QUARRY HILL;LEEDS;;LS2 7UA;20200401;;H;1;UK;"C/O NHS ENGLAND , 1W09, 1ST FLOOR, QUARRY HOUSE , QUARRY HILL , LEEDS , LS2 7UA";53.79871;-1.53213;0101000000168733BF9A83F8BF7C7E18213CE64A40;;008;PF
32T;NORTH WEST - H&J COMMISSIONING HUB;Y62;Q99;C/O NHS ENGLAND;"1W09, 1ST FLOOR, QUARRY HOUSE";QUARRY HILL;LEEDS;;LS2 7UA;20200401;;H;1;UK;"C/O NHS ENGLAND , 1W09, 1ST FLOOR, QUARRY HOUSE , QUARRY HILL , LEEDS , LS2 7UA";53.79871;-1.53213;0101000000168733BF9A83F8BF7C7E18213CE64A40;;008;PF
36J;NHS BRADFORD DISTRICT AND CRAVEN CCG;Y63;QWO;SCOREX HOUSE WEST;1 BOLTON ROAD;;BRADFORD;WEST YORKSHIRE;BD1 4AS;20200401;;C;1;UK;"SCOREX HOUSE WEST , 1 BOLTON ROAD ,  , BRADFORD , BD1 4AS";53.79613;-1.74886;01010000005E85949F54FBFBBFA7AE7C96E7E54A40;;008;PF
36L;NHS SOUTH WEST LONDON CCG;Y56;QWE;120 THE BROADWAY;;;LONDON;GREATER LONDON;SW19 1RH;20200401;;C;1;UK;"120 THE BROADWAY ,  ,  , LONDON , SW19 1RH";51.41957;-0.20178;010100000015527E52EDD3C9BFFD304278B4B54940;;008;PF
42D;NHS NORTH YORKSHIRE CCG;Y63;QOQ;1 GRIMBALD CRAG COURT;;;KNARESBOROUGH;;HG5 8QB;20200401;;C;1;UK;"1 GRIMBALD CRAG COURT ,  ,  , KNARESBOROUGH , HG5 8QB";54.00113;-1.44324;0101000000F37684D38217F7BFB285200725004B40;;008;PF
52R;NHS NOTTINGHAM AND NOTTINGHAMSHIRE CCG;Y60;QT1;BIRCH HOUSE;RANSOM WOOD BUSINESS PARK;SOUTHWELL ROAD WEST;MANSFIELD;;NG21 0HJ;20200401;;C;1;UK;"BIRCH HOUSE , RANSOM WOOD BUSINESS PARK , SOUTHWELL ROAD WEST , MANSFIELD , NG21 0HJ";53.12617;-1.14555;0101000000C0EC9E3C2C54F2BF40DEAB5626904A40;;008;PF
70F;NHS WEST SUSSEX CCG;Y59;QNX;WICKER HOUSE;HIGH STREET;;WORTHING;;BN11 1DJ;20200401;;C;1;UK;"WICKER HOUSE , HIGH STREET ,  , WORTHING , BN11 1DJ";50.81565;-0.36767;0101000000B9196EC0E787D7BFBF7D1D3867684940;;008;PF
71E;NHS LINCOLNSHIRE CCG;Y60;QJM;BRIDGE HOUSE;THE POINT;LIONS WAY;SLEAFORD;;NG34 8GG;20200401;;C;1;UK;"BRIDGE HOUSE , THE POINT , LIONS WAY , SLEAFORD , NG34 8GG";53.0089;-0.39269;0101000000E0D6DD3CD521D9BF9A779CA223814A40;;008;PF
72Q;NHS SOUTH EAST LONDON CCG;Y56;QKK;160 TOOLEY STREET;;;LONDON;;SE1 2TZ;20200401;;C;1;UK;"160 TOOLEY STREET ,  ,  , LONDON , SE1 2TZ";51.50323;-0.07928;0101000000CF143AAFB14BB4BFDC2E34D769C04940;;008;PF
76A;NORTH EAST AND YORKSHIRE - H&J COMMISSIONING HUB;Y63;Q99;C/O NHS ENGLAND;"1W09, 1ST FLOOR, QUARRY HOUSE";QUARRY HILL;LEEDS;;LS2 7UA;20200401;;H;1;UK;"C/O NHS ENGLAND , 1W09, 1ST FLOOR, QUARRY HOUSE , QUARRY HILL , LEEDS , LS2 7UA";53.79871;-1.53213;0101000000168733BF9A83F8BF7C7E18213CE64A40;;008;PF
78H;NHS NORTHAMPTONSHIRE CCG;Y60;QPM;FRANCIS CRICK HOUSE;6 SUMMERHOUSE ROAD;MOULTON PARK INDUSTRIAL ESTATE;NORTHAMPTON;NORTHAMPTONSHIRE;NN3 6BF;20200401;;C;1;UK;"FRANCIS CRICK HOUSE , 6 SUMMERHOUSE ROAD , MOULTON PARK INDUSTRIAL ESTATE , NORTHAMPTON , NN3 6BF";52.27684;-0.87231;01010000000B293FA9F6E9EBBFC11C3D7E6F234A40;;008;PF
84H;NHS COUNTY DURHAM CCG;Y63;QHM;SALTERS LANE;SEDGEFIELD;;STOCKTON-ON-TEES;;TS21 3EE;20200401;;C;1;UK;"SALTERS LANE , SEDGEFIELD ,  , STOCKTON-ON-TEES , TS21 3EE";54.66197;-1.45053;0101000000BEDEFDF15E35F7BF7077D66EBB544B40;;008;PF
85J;NORTH EAST AND YORKSHIRE COMMISSIONING HUB;Y63;Q99;C/O NHS ENGLAND;"1W09, 1ST FLOOR, QUARRY HOUSE";QUARRY HILL;LEEDS;;LS2 7UA;20200401;;H;1;UK;"C/O NHS ENGLAND , 1W09, 1ST FLOOR, QUARRY HOUSE , QUARRY HILL , LEEDS , LS2 7UA";53.79871;-1.53213;0101000000168733BF9A83F8BF7C7E18213CE64A40;;008;PF
91Q;NHS KENT AND MEDWAY CCG;Y59;QKS;WHARF HOUSE;MEDWAY WHARF ROAD;;TONBRIDGE;;TN9 1RE;20200401;;C;1;UK;"WHARF HOUSE , MEDWAY WHARF ROAD ,  , TONBRIDGE , TN9 1RE";51.19479;0.2774;0101000000FE43FAEDEBC0D13F3ECBF3E0EE984940;;008;PF
92A;NHS SURREY HEARTLANDS CCG;Y59;QXU;CEDAR COURT;GUILDFORD ROAD;FETCHAM;LEATHERHEAD;;KT22 9AE;20200401;;C;1;UK;"CEDAR COURT , GUILDFORD ROAD , FETCHAM , LEATHERHEAD , KT22 9AE";51.29313;-0.33516;0101000000DE59BBED4273D5BFFDBCA94885A54940;;008;PF
92G;"NHS BATH AND NORTH EAST SOMERSET, SWINDON AND WILTSHIRE CCG";Y58;QOX;ST. MARTINS HOSPITAL;CLARA CROSS LANE;;BATH;;BA2 5RP;20200401;;C;1;UK;"ST. MARTINS HOSPITAL , CLARA CROSS LANE ,  , BATH , BA2 5RP";51.35802;-2.37163;010100000029B3412619F902C02FA86F99D3AD4940;;008;PF
93C;NHS NORTH CENTRAL LONDON CCG;Y56;QMJ;2ND FLOOR;LAYCOCK STREET;;LONDON;GREATER LONDON;N1 1TH;20200401;;C;1;UK;"2ND FLOOR , LAYCOCK STREET ,  , LONDON , N1 1TH";51.54472;-0.10451;0101000000A9DE1AD82AC1BABF12BD8C62B9C54940;;008;PF
97R;NHS EAST SUSSEX CCG;Y59;QNX;36-38 FRIARS WALK;;;LEWES;;BN7 2PB;20200401;;C;1;UK;"36-38 FRIARS WALK ,  ,  , LEWES , BN7 2PB";50.87329;0.01446;0101000000B020CD58349D8D3F40F67AF7C76F4940;;008;PF
97T;SOUTH EAST - H&J COMMISSIONING HUB;Y59;Q99;C/O NHS ENGLAND;"1W09, 1ST FLOOR, QUARRY HOUSE";QUARRY HILL;LEEDS;;LS2 7UA;20200401;;H;1;UK;"C/O NHS ENGLAND , 1W09, 1ST FLOOR, QUARRY HOUSE , QUARRY HILL , LEEDS , LS2 7UA";53.79871;-1.53213;0101000000168733BF9A83F8BF7C7E18213CE64A40;;008;PF
99A;NHS LIVERPOOL CCG;Y62;Q75;2 RENSHAW STREET;;;LIVERPOOL;;L1 2SA;20130401;;C;0;UK;"2 RENSHAW STREET ,  ,  , LIVERPOOL , L1 2SA";53.4045;-2.97749;01010000001956F146E6D107C0B29DEFA7C6B34A40;;008;PF
99C;NHS NORTH TYNESIDE CCG;Y63;Q74;12 HEDLEY COURT;ORION BUSINESS PARK;;NORTH SHIELDS;;NE29 7ST;20130401;;C;0;UK;"12 HEDLEY COURT , ORION BUSINESS PARK ,  , NORTH SHIELDS , NE29 7ST";55.00957;-1.49082;01010000004390831266DAF7BFE882FA9639814B40;;008;PF
99D;NHS SOUTH LINCOLNSHIRE CCG;Y60;Q78;BRIDGE HOUSE;THE POINT;LIONS WAY;SLEAFORD;;NG34 8GG;20130401;;C;0;UK;"BRIDGE HOUSE , THE POINT , LIONS WAY , SLEAFORD , NG34 8GG";53.0089;-0.39269;0101000000E0D6DD3CD521D9BF9A779CA223814A40;;008;PF
99E;NHS BASILDON AND BRENTWOOD CCG;Y61;Q79;PHOENIX HOUSE;CHRISTOPHER MARTIN ROAD;;BASILDON;;SS14 3HG;20130401;;C;0;UK;"PHOENIX HOUSE , CHRISTOPHER MARTIN ROAD ,  , BASILDON , SS14 3HG";51.59164;0.49629;0101000000DE3CD52137C3DF3FB28009DCBACB4940;;008;PF
99F;NHS CASTLE POINT AND ROCHFORD CCG;Y61;Q79;PEARL HOUSE;12 CASTLE ROAD;;RAYLEIGH;;SS6 7QF;20130401;;C;0;UK;"PEARL HOUSE , 12 CASTLE ROAD ,  , RAYLEIGH , SS6 7QF";51.58309;0.60458;01010000000D1AFA27B858E33FF44F70B1A2CA4940;;008;PF
99G;NHS SOUTHEND CCG;Y61;Q79;FLOOR 6;CIVIC CENTRE;VICTORIA AVENUE;SOUTHEND-ON-SEA;ESSEX;SS2 6EN;20130401;;C;0;UK;"FLOOR 6 , CIVIC CENTRE , VICTORIA AVENUE , SOUTHEND-ON-SEA , SS2 6EN";51.54472;0.70834;0101000000425BCEA5B8AAE63F12BD8C62B9C54940;;008;PF
99H;NHS SURREY DOWNS CCG;Y59;Q88;CEDAR COURT;36 GUILDFORD ROAD;FETCHAM;LEATHERHEAD;;KT22 9AE;20130401;;C;0;UK;"CEDAR COURT , 36 GUILDFORD ROAD , FETCHAM , LEATHERHEAD , KT22 9AE";51.29313;-0.33516;0101000000DE59BBED4273D5BFFDBCA94885A54940;;008;PF
99J;NHS WEST KENT CCG;Y59;Q88;WHARF HOUSE;MEDWAY WHARF ROAD;;TONBRIDGE;KENT;TN9 1RE;20130401;;C;0;UK;"WHARF HOUSE , MEDWAY WHARF ROAD ,  , TONBRIDGE , TN9 1RE";51.19479;0.2774;0101000000FE43FAEDEBC0D13F3ECBF3E0EE984940;;008;PF
99K;NHS HIGH WEALD LEWES HAVENS CCG;Y59;Q88;36-38 FRIARS WALK;;;LEWES;EAST SUSSEX;BN7 2PB;20130401;;C;0;UK;"36-38 FRIARS WALK ,  ,  , LEWES , BN7 2PB";50.87329;0.01446;0101000000B020CD58349D8D3F40F67AF7C76F4940;;008;PF
99M;NHS NORTH EAST HAMPSHIRE AND FARNHAM CCG;Y59;Q87;ALDERSHOT CENTRE FOR HEALTH;HOSPITAL HILL;;ALDERSHOT;;GU11 1AY;20130401;;C;0;UK;"ALDERSHOT CENTRE FOR HEALTH , HOSPITAL HILL ,  , ALDERSHOT , GU11 1AY";51.25434;-0.76673;010100000029965B5A0D89E8BF46088F368EA04940;;008;PF
99N;NHS WILTSHIRE CCG;Y58;Q86;SOUTHGATE HOUSE;PANS LANE;;DEVIZES;WILTSHIRE;SN10 5EQ;20130401;;C;0;UK;"SOUTHGATE HOUSE , PANS LANE ,  , DEVIZES , SN10 5EQ";51.34753;-1.99063;0101000000D2FBC6D79ED9FFBF7F30F0DC7BAC4940;;008;PF
99P;"NHS NORTHERN, EASTERN AND WESTERN DEVON CCG";Y58;Q85;NEWCOURT HOUSE;OLD RYDON LANE;;EXETER;DEVON;EX2 7JU;20130401;20190331;C;0;UK;"NEWCOURT HOUSE , OLD RYDON LANE ,  , EXETER , EX2 7JU";50.70351;-3.47944;0101000000672783A3E4D50BC059349D9D0C5A4940;;008;PF
99Q;NHS SOUTH DEVON AND TORBAY CCG;Y58;Q85;POMONA HOUSE;OAK VIEW CLOSE;;TORQUAY;DEVON;TQ2 7FF;20130401;20190331;C;0;UK;"POMONA HOUSE , OAK VIEW CLOSE ,  , TORQUAY , TQ2 7FF";50.48468;-3.56868;01010000003F1D8F19A88C0CC03C8386FE093E4940;;008;PF